captured_at;rp_id;label;adv_rp_id;adv_attestation;adv_uv;adv_resident_key;adv_require_resident_key;adv_authenticator_attachment;adv_algs;adv_attestation_formats;adv_timeout;fab_alg;fab_alg_offered;fab_rsa_e;fab_rsa_n_bits;fab_key_source;fab_key_leak_origin;fab_flags;fab_outcome;srv_endpoint;srv_status;srv_result;srv_message;artifact
2026-07-06T05:15:43.248768+00:00;facebook.com;none-attestation;accounts.meta.com;none;required;preferred;;not-specified;-7|-257|-8;;600000;ES256(-7);TRUE;;;;;UP,UV,AT;fabricated;/api/graphql/ (useCreatePasskeyMutation);200;accepted;"{""data"":{""xfb_fx_settings_create_passkey"":{""success"":true,""fxcal_settings"":{""node"":{""__typename"":""XFBFXSettingsSecurityAndLogin"",""id"":""security_and_login:1156706374195657"",""is_eligible_for_account_center_upsell"":false}}}},""extensions"":{""server_metadata"":{""request_start_time_ms"":1783314933549,""time_at_flush_ms"":1783314935781},""is_final"":true}}";artifacts\hook-runs\facebook.com\20260706T051505Z
2026-07-06T08:31:02.938896+00:00;canva.com;none-attestation;www.canva.com;not-specified;required;preferred;;not-specified;-7|-257;;;ES256(-7);TRUE;;;;;UP,UV,AT;fabricated;/_ajax/profile/users/UAHKqtD3Ieo/webauthn/registration;200;accepted;"…tails"":{""A"":false,""B"":false,""C"":0},""webauthnCredentials"":[{""A"":""w37nkCKa80KvAbHE4KT50M3vNTyyhHGf4-7x5-fHJ3U"",""B"":""Windows / Chrome"",""C"":""08987058-cadc-4b81-b6e1-30de50dcbe96"",""K"":1783325627000},{""A"":""zoz7o4NWLZqpTU1DZqoS06MLaA4Efus7-IGyo4KvQ-Y"",""B"":""Windows / Chrome"",""C"":""08987058-cadc-4b81-b6e1-30de50dcbe96"",""K"":1783325793000}],""locked"":false,""temporary"":false,""displayName"":""Efi Siapi"",""email"":""efi.audit.rps@gmail.com"",""emailStatus"":""VERI…";artifacts\hook-runs\canva.com\20260706T081320Z
2026-07-06T08:37:21.742567+00:00;nintendo.com;none-attestation;accounts.nintendo.com;none;required;required;;platform;-7|-35|-36|-8;;300000;ES256(-7);TRUE;;;;;UP,UV,AT;fabricated;/api/passkey/registration;200;accepted;"…gionNAL&quot;:false,&quot;isMarioKartTheme&quot;:false,&quot;isSDAppLogin&quot;:false}"" class=""t-displayNone""></div> <div id=""data"" data-json=""{&quot;passkey&quot;:{&quot;credentialId&quot;:&quot;X8XDtPVMcagKYVORast9HDl0lnh1DkLMOc5JEfboXeM&quot;,&quot;detector&quot;:{&quot;browserName&quot;:&quot;Chrome&quot;,&quot;deviceName&quot;:&quot;Windows&quot;,&quot;isOnDevice&quot;:false,&quot;isMobile&quot;:false},&quot;createdAt&quot;:178332…";artifacts\hook-runs\nintendo.com\20260706T083423Z
2026-07-06T10:36:16.652253+00:00;target.com;none-attestation;target.com;direct;required;not-specified;TRUE;not-specified;-7|-35|-36|-257|-258|-259|-37|-38|-39;;30000;ES256(-7);TRUE;;;;;UP,UV,AT;fabricated;/gsp/authentications/v1/session_passwordless_registrations;200;accepted;"{""product_name"":""Windows Hello Hardware Authenticator""}";artifacts\hook-runs\target.com\20260706T103431Z
2026-07-06T10:44:07.262389+00:00;x.com;none-attestation;x.com;none;preferred;not-specified;TRUE;platform;-7|-257;;;ES256(-7);TRUE;;;;;UP,UV,AT;fabricated;/1.1/onboarding/task.json;200;accepted;"{""flow_token"":""u;2073073888896974848:-1783334632810:NwOpvc2pUWuOSVH8jZK6lfzg:2"",""status"":""success"",""subtasks"":[{""subtask_id"":""PasskeyEnrollmentCompleteSubtask"",""cta"":{""primary_text"":{""text"":""You're all set"",""entities"":[]},""primary_action_link"":{""link_type"":""finish"",""link_id"":""finish_link"",""label"":""Done""},""secondary_text"":{""text"":""Now you can use this passkey any time you sign in to X from this dev…";artifacts\hook-runs\x.com\20260706T104208Z
2026-07-06T11:48:49.868261+00:00;github.com;none-attestation;github.com;none;required;required;;not-specified;-7|-257;;60000;ES256(-7);TRUE;;;;;UP,UV,AT;fabricated;/u2f/trusted_devices;201;accepted;"{""webauthn_register_request"":{""publicKey"":{""rp"":{""name"":""GitHub"",""id"":""github.com""},""user"":{""id"":""7z+ILJSEr3wPUYZFEp22GQjNGBAco4/B/U3PdXh/mnt0IqMW9lX8usfrOAxrqvqIDvBJTWOoSUzoJWrbhiVk3g=="",""name"":""efisiapi"",""displayName"":""efisiapi""},""pubKeyCredParams"":[{""type"":""public-key"",""alg"":-7},{""type"":""public-key"",""alg"":-257}],""attestation"":""none"",""timeout"":60000,""excludeCredentials"":[{""type"":""public-key"",""id…";artifacts\hook-runs\github.com\20260706T114728Z
2026-07-06T12:18:26.634157+00:00;indeed.com;none-attestation;indeed.com;none;preferred;required;TRUE;not-specified;-7|-8|-35|-36|-257|-258|-259;;300000;ES256(-7);TRUE;;;;;UP,UV,AT;fabricated;/webauthn/register/complete;200;accepted;;artifacts\hook-runs\indeed.com\20260706T121727Z
2026-07-06T12:31:01.016716+00:00;nikkei.com;none-attestation;id.nikkei.com;not-specified;not-specified;required;TRUE;not-specified;-7|-8|-257;;300000;ES256(-7);TRUE;;;;;UP,UV,AT;fabricated;/v2/account/passkeys/create;200;accepted;"{""id"":""jTY0p-06Jm4tfb5dOORGlmYaPJdgCOXN3sZTMnAapy0"",""backup_eligible"":false,""created_at"":1783341038,""aaguid"":""08987058-cadc-4b81-b6e1-30de50dcbe96""}";artifacts\hook-runs\nikkei.com\20260706T122853Z
2026-07-06T12:36:06.583482+00:00;onlyfans.com;none-attestation;onlyfans.com;none;not-specified;not-specified;;not-specified;;;;ES256(-7);FALSE;;;;;UP,UV,AT;fabricated;/api2/v2/webauthn/register;200;accepted;"{""success"":true}";artifacts\hook-runs\onlyfans.com\20260706T123357Z
2026-07-06T12:43:33.165284+00:00;pixiv.net;none-attestation;pixiv.net;none;required;required;TRUE;platform;-8|-7|-257;;;ES256(-7);TRUE;;;;;UP,UV,AT;fabricated;/ajax/passkeys/create/verify;200;accepted;"{""error"":false,""message"":"""",""reauthenticationRequired"":false,""body"":{""credentialRecord"":{""id"":1147177,""nickname"":""Windows Hello""},""errors"":[]}}";artifacts\hook-runs\pixiv.net\20260706T124234Z
2026-07-06T12:51:24.093528+00:00;microsoft.com;none-attestation;login.microsoft.com;direct;required;not-specified;TRUE;not-specified;-7|-257;;600000;ES256(-7);TRUE;;;;;UP,UV,AT;fabricated;/proofs/Manage/additional;200;accepted;"<!DOCTYPE html> <html lang=""en"" xml:lang=""en"" class=""m_ul fh"" dir=""ltr"" style=""""> <head> <link rel=""preconnect"" href=""https://acctcdn.msftauth.net"" crossorigin> <link rel=""preconnect"" href=""https://acctcdn.msftauth.net"" crossorigin> <meta http-equiv=""x-dns-prefetch-control"" content=""on""> <link rel=""dns-prefetch"" href=""//uhf.microsoft.com""> <link rel=""dns-prefetch"" href=""//acctcdn.msftauth.net""> <l…";artifacts\hook-runs\microsoft.com\20260706T125100Z
2026-07-06T12:53:57.207655+00:00;airbnb.com;none-attestation;airbnb.com;not-specified;required;required;TRUE;not-specified;-7;;;ES256(-7);TRUE;;;;;UP,UV,AT;fabricated;/tracking/jitney/logging/messages;204;accepted;"{""data"":{""hunter2s"":{""__typename"":""Hunter2sContainer"",""biometricsCredentialIds"":{""__typename"":""BiometricsCredentialIds"",""credentialIds"":[""gMxDT3AIKrlu_Ii-gO9mMPUqzNYKFx4gV_SSMD-J2bM""]},""passkeyCredentials"":{""__typename"":""PasskeyCredentials"",""passkeys"":[{""__typename"":""PasskeyCredential"",""credentialId"":""gMxDT3AIKrlu_Ii-gO9mMPUqzNYKFx4gV_SSMD-J2bM"",""createdAt"":""2026-07-06T12:53:37.…";artifacts\hook-runs\airbnb.com\20260706T125315Z
2026-07-06T13:01:07.670354+00:00;ticketmaster.com;none-attestation;ticketmaster.com;none;required;required;TRUE;platform;-7|-8|-35|-36|-257|-258|-259;;300000;ES256(-7);TRUE;;;;;UP,UV,AT;fabricated;/account/json/passkey/register/complete;200;accepted;{};artifacts\hook-runs\ticketmaster.com\20260706T125843Z
2026-07-06T13:09:36.321444+00:00;yelp.com;none-attestation;;;;;;;;;;;;;;;;;no-ceremony;;;no-passkey-support;No passkey registration available on web;
2026-07-06T13:12:02.640284+00:00;dropbox.com;none-attestation;www.dropbox.com;direct;required;preferred;TRUE;not-specified;-7|-257;;;ES256(-7);TRUE;;;;;UP,UV,AT;fabricated;/2/catapult/passkeys/finish_registration;200;accepted;"{""serialized_device_gid"":""pid_2fadevice:AFALrf3AftXtN4is-63_Ufq8V_g43Vq0kcCyybXhQY5-3HKmUkUFno30"",""vendor"":""Windows Hello Hardware Authenticator""}";artifacts\hook-runs\dropbox.com\20260706T131134Z
2026-07-07T16:55:02.031228+00:00;discord.com;none-attestation;discord.com;none;preferred;discouraged;FALSE;not-specified;-7|-257;;300000;ES256(-7);TRUE;;;;;UP,UV,AT;fabricated;/api/v9/users/@me/mfa/webauthn/credentials;201;accepted;"{""id"":""1524096383814992055"",""type"":1,""name"":""My Key"",""backup_codes"":[{""user_id"":""1522633480339460241"",""code"":""2cf50bcj"",""consumed"":false},{""user_id"":""1522633480339460241"",""code"":""4l82v19o"",""consumed"":false},{""user_id"":""1522633480339460241"",""code"":""6e4pdt0a"",""consumed"":false},{""user_id"":""1522633480339460241"",""code"":""6zk13fs7"",""consumed"":false},{""user_id"":""1522633480339460241"",""code"":""eqjns7gz"",""con…";artifacts\hook-runs\discord.com\20260707T165430Z
2026-07-06T16:38:09.943281+00:00;openai.com;none-attestation;openai.com;direct;required;required;TRUE;not-specified;-7|-257;;600000;ES256(-7);TRUE;;;;;UP,UV,AT;fabricated;/api/mfa/public/passkey/enrollment/finish;200;accepted;"{ ""credential_id"": ""vwF86siGCewkMX5v1_jnF3Kr7ezFpNYk2WfBH6b_Yf4"", ""mfa_factor_id"": ""6a4bd9d8c6988191b2f791e0020a31bd"" }";artifacts\hook-runs\openai.com\20260706T163551Z
2026-07-06T16:40:06.438293+00:00;ebay.ca;none-attestation;ebay.ca;direct;required;not-specified;FALSE;not-specified;-7|-35|-36|-257|-258|-259|-37|-38|-39|-1;;300000;ES256(-7);TRUE;;;;;UP,UV,AT;fabricated;/acctsec/authn-srvc;200;accepted;"[{""authenticator"":{""AAID"":""AAGuid"",""KeyID"":""GBTpMrzMO4bxpRichYyJRzH6sFYoX7Ehv07sKltNunU""},""PublicKey"":""pQECAyYgASFYINOEoG+hwFr5j69mB1f/BMzjZMpqigJAcukWLAXkh8jtIlggStd8kxlcv05dkrIOdv1p+a066MQBGS7tIWpd5SWi9h8="",""AuthenticatorVersion"":""P-NONE"",""username"":""3o3pgbrbsm2"",""userId"":""2864445074"",""deviceId"":""2295210020004"",""status"":""ACTIVE"",""appID"":""08987058-cadc-4b81-b6e1-30de50dcbe96"",""siteId"":""2"",""useCas…";artifacts\hook-runs\ebay.ca\20260706T163924Z
2026-07-06T16:44:11.558038+00:00;ah.nl;none-attestation;ah.nl;direct;required;required;TRUE;not-specified;-7|-257;;;ES256(-7);TRUE;;;;;UP,UV,AT;fabricated;/gql;200;accepted;"{""data"":{""ciamPasskeyRegisterFinish"":{""result"":""SUCCESS"",""__typename"":""CiamPasskeyRegisterFinishMutationhResult""}}}";artifacts\hook-runs\ah.nl\20260706T164327Z
2026-07-06T16:45:45.610108+00:00;atlassian.com;none-attestation;atlassian.com;none;required;required;TRUE;not-specified;-7|-257|-8;;60000;ES256(-7);TRUE;;;;;UP,UV,AT;fabricated;/manage/rest/passkey/confirm-enroll;204;accepted;"{""devices"":[{""deviceName"":""none"",""credentialId"":""fFarvwdkw7Zf4-GCoMPIOTX1NFvGR4sUuZJIO6k93To"",""createdAt"":""2026-07-06T16:45:38.629Z""}]}";artifacts\hook-runs\atlassian.com\20260706T164440Z
2026-07-06T16:51:37.552220+00:00;battle.net;none-attestation;battle.net;none;preferred;required;TRUE;not-specified;-7|-257;;300000;ES256(-7);TRUE;;;;;UP,UV,AT;fabricated;/api/passkeys/register;200;accepted;"{""accountId"":1190261052,""credentialId"":""nvz75Zz7pNKehQ6sL3B6qkKTxrkMoF4POn52JDLP9FI"",""publicKey"":""pQECAyYgASFYICWdYfNP2vVLrXG9A+KCnt/hH4gvwSYHekT3UjEw1IfpIlgg93h3rUsdQ6rBESDEO+MHb28VheGQUIjuO2mLIbR1s9E"",""counter"":0,""createdTime"":""2026-07-06T16:50:59.665Z"",""lastUsedTime"":"""",""nickname"":""UNKNOWN"",""aaguid"":""08987058-cadc-4b81-b6e1-30de50dcbe96"",""lastUsedIpAddress"":null,""authenticatorInfo"":{""name"":""Win…";artifacts\hook-runs\battle.net\20260706T165030Z
2026-07-06T16:58:05.446759+00:00;britishairways.com;none-attestation;;;;;;;;;;;;;;;;;no-ceremony;;;no-passkey-support;British Airways web does not support passkeys;
;moneyforward.com;none-attestation;;none;required;required;FALSE;platform;-7|-37|-257;;120000;ES256(-7);TRUE;;;;;UP,UV,AT;fabricated;/webauthn/credentials;200;accepted;"<!DOCTYPE html> <html lang=""en""> <head> <script> //<![CDATA[ window.gon={};gon.enforceBizTheme=false;gon.webauthnUser={""name"":""efi.audit.rps@gmail.com"",""id"":""d6oR2YkTl-B6ALpCVmAEqBom8Mnmu5BgFkX_19L58w_umIJf5QNM6WM-1Cd6glMO0G2Z1EG4I-f01E7QyX8LPQ"",""displayName"":""efi.audit.rps@gmail.com""};gon.webauthnCredentials=[{""id"":3540746,""externalId"":""1O7hD71ML3ZI2Bz4wogEiapKZb0u1JdpA5QwXL9Q2-U"",""lastUsedAt"":""J…";artifacts/hook-runs/moneyforward.com/20260706T162901Z
2026-07-06T17:14:31.452524+00:00;hatena.ne.jp;none-attestation;accounts.hatena.ne.jp;not-specified;not-specified;preferred;FALSE;not-specified;-7|-35|-36|-257|-258|-259|-37|-38|-39|-8;;300000;ES256(-7);TRUE;;;;;UP,UV,AT;fabricated;/settings/passkeys/create;204;accepted;"…""></script> <link rel=""stylesheet"" href=""/assets/main-pzjpB8cI.css"" /> <script> window.__INITIAL_STATE__ = {""Credentials"":[{""id"":""w-bPcT051PlluGCYmBqAEfXEs3h_-B3Mp7LX2akMo2o="",""name"":""Windows Hello Hardware Authenticator"",""userAgent"":""Mozilla/5.0 (Windows NT 10.0; Win64; x64) AppleWebKit/537.36 (KHTML, like Gecko) Chrome/149.0.0.0 Safari/537.36"",""createdAt"":""2026-07-06T1…";artifacts\hook-runs\hatena.ne.jp\20260706T171312Z
2026-07-06T17:25:28.975418+00:00;wyze.com;none-attestation;;;;;;;;;;;;;;;;;no-ceremony;;;no-passkey-support;"Wyze passkeys are app-only; no passkey registration on web";
2026-07-06T17:29:41.338020+00:00;ui.com;none-attestation;ui.com;none;preferred;preferred;FALSE;not-specified;-7|-8|-36|-37|-38|-39|-257|-258|-259;;60000;ES256(-7);TRUE;;;;;UP,UV,AT;fabricated;/api/sso/v1/user/self/mfa/webauthn/665fee94-639d-40ff-9580-1c5dfe688c49/verify;204;accepted;"{""authenticators"":[{""id"":""665fee94-639d-40ff-9580-1c5dfe688c49"",""created"":""2026-07-06T17:29:30.266658Z"",""last_success"":null,""type"":""webauthn"",""status"":""active"",""credential_id"":""O_DL7sfyaF9FvcDn7lEw0AH7U598tzdz_IvtFZBfS-k"",""authenticator_attachment"":""platform"",""aaguid"":""08987058-cadc-4b81-b6e1-30de50dcbe96"",""name"":""Windows Hello"",""provider_friendly_name"":""Windows Hello""},{""id"":""9d0e495e-950b-4732-89be-bf4d636c928e"",""c…";artifacts\hook-runs\ui.com\20260706T172924Z
2026-07-06T17:34:17.518706+00:00;strawberryhotels.com;none-attestation;www.strawberryhotels.com;none;required;required;FALSE;not-specified;-7|-8|-35|-36|-257|-258|-259;;30000;ES256(-7);TRUE;;;;;UP,UV,AT;fabricated;/passkey/complete-registration;200;accepted;"{""success"":true}";artifacts\hook-runs\strawberryhotels.com\20260706T173357Z
2026-07-06T17:40:20.745239+00:00;nerdfix.cz;none-attestation;indian-tv.cz;;;;;;;;;ES256(-7);;;;;;;fabricated;/graphql (beginPasskeyRegistration only);;rp-misconfig;"rp.id=indian-tv.cz but page origin is nerdfix.cz (invalid cross-domain rp.id). Hook fabricated; client sent no finish mutation; no error. Ceremony cannot legitimately complete.";artifacts/hook-runs/nerdfix.cz/20260706T173535Z
;heroku.com;none-attestation;verify.salesforce.com;not-specified;discouraged;not-specified;;cross-platform;-7|-257;;60000;ES256(-7);TRUE;;;;;UP,UV,AT;fabricated;/vaas/v1/resources/identity-verifiers/5c618304-67c5-44c0-bf95-9e74abac5cee;200;accepted;"{ ""id"": ""5c618304-67c5-44c0-bf95-9e74abac5cee"", ""created"": ""2026-07-06T17:58:20.456695+00:00"", ""modified"": ""2026-07-06T17:58:21.787441+00:00"", ""display_name"": ""Security Key #3"", ""type"": ""webauthn.cross-platform"", ""status"": ""enabled"" }";artifacts/hook-runs/heroku.com/20260706T175752Z
2026-07-06T18:43:00.121624+00:00;apexnetwork.co;none-attestation;app.apexnetwork.co;not-specified;required;required;TRUE;platform;-7|-35|-36|-257|-258|-259|-37|-38|-39|-8;;240000;ES256(-7);TRUE;;;;;UP,UV,AT;fabricated;/auth-http/auth/v/passkeys;200;accepted;"{""data"":{""credentials"":[{""id"":""R66o89EI0_4b9OzJwJZUrtOqRc-dnPPeqtVmjzfejtE"",""userId"":""slo9rc94ite7svgl"",""attachment"":""platform"",""deviceAAUUID"":""08987058cadc4b81b6e130de50dcbe96"",""deviceName"":""Windows Hello"",""userAgent"":""Chrome on Windows"",""type"":""public-key"",""dataFormat"":""github.com/go-webauthn/webauthn"",""data"":{""id"":""R66o89EI0/4b9OzJwJZUrtOqRc+dnPPeqtVmjzfejtE="",""publicKey"":""pQECAyYgASFYIDqoKv8Zu…";artifacts\hook-runs\apexnetwork.co\20260706T184201Z
2026-07-06T18:44:38.480308+00:00;documenso.com;none-attestation;app.documenso.com;none;preferred;preferred;FALSE;not-specified;-8|-7|-257;;60000;ES256(-7);TRUE;;;;;UP,UV,AT;fabricated;/api/trpc/auth.passkey.create;200;accepted;"[{""result"":{""data"":{""json"":null,""meta"":{""values"":[""undefined""],""v"":1}}}}]";artifacts\hook-runs\documenso.com\20260706T184423Z
2026-07-06T18:58:05.236895+00:00;transferwise.com;none-attestation;wise.com;none;required;required;TRUE;not-specified;-7|-8|-35|-36|-257|-258|-259;;30000;ES256(-7);TRUE;;;;;UP,UV,AT;fabricated;/gateway/v1/user/authentication/factors/passkey;200;accepted;"{""id"":26524364,""passkeyName"":""Windows Hello"",""providerName"":""Windows Hello"",""lastUsedAt"":""2026-07-06T18:57:58.784547Z"",""createdAt"":""2026-07-06T18:57:58.784546Z""}";artifacts\hook-runs\transferwise.com\20260706T185625Z
;aero.zip;none-attestation;aero.zip;indirect;required;preferred;;not-specified;-7;;60000;ES256(-7);TRUE;;;;;UP,UV,AT;fabricated;/user/passkey/save;200;accepted;"{""status"":""success"",""data"":{""session"":{""userID"":""019f2c15-0250-7c6e-a789-5b9b71017c04"",""sessionKeyBase64"":""SOOOitXyD2Ru+76rlb+fWo36qawTX9cphgjnr1gO9Qg=""}}}";artifacts\hook-runs\aero.zip\20260706T185334Z
;trustworthy.com;none-attestation;signin.trustworthy.com;none;discouraged;not-specified;;cross-platform;-7|-257;;60000;ES256(-7);TRUE;;;;;UP,UV,AT;fabricated;/u/mfa-webauthn-enrollment;302;accepted;;artifacts\hook-runs\trustworthy.com\20260706T190112Z
2026-07-06T19:10:02.152676+00:00;vaultvision.com;none-attestation;auth.vaultvision.com;direct;preferred;preferred;FALSE;not-specified;-7|-35|-36|-257|-258|-259|-37|-38|-39|-8;;60000;ES256(-7);TRUE;;;;;UP,UV,AT;fabricated;/v1/settings/webauthn/finish;200;accepted;"{ ""id"": ""tGAKav-hOcfq9MzAIKSEGcO6roxqPkSAeFeu-cHi02g"" }";artifacts\hook-runs\vaultvision.com\20260706T190800Z
2026-07-06T19:12:35.386097+00:00;verifythisseal.com;none-attestation;verifythisseal.com;none;preferred;preferred;FALSE;cross-platform;-7|-257;;60000;ES256(-7);TRUE;;;;;UP,UV,AT;fabricated;/my-account/passkeys/register/complete;200;accepted;;artifacts\hook-runs\verifythisseal.com\20260706T191143Z
2026-07-06T19:23:51.078124+00:00;zitadel.com;none-attestation;zitadel.com;none;required;not-specified;;not-specified;-7|-35|-36|-257|-258|-259|-37|-38|-39|-8;;300000;ES256(-7);TRUE;;;;;UP,UV,AT;fabricated;/login/passkey;200;accepted;;artifacts\hook-runs\zitadel.com\20260706T192252Z
2026-07-06T19:31:27.980384+00:00;godaddy.com;none-attestation;;;;;;;;;;;;;;;;;no-ceremony;;;blocked;Bot-detection: SSO flags the browser as unusual (asks to disable extensions/VPN). Ceremony not reachable with the hook extension loaded.;
2026-07-06T19:31:27.980384+00:00;123-reg.co.uk;none-attestation;;;;;;;;;;;;;;;;;no-ceremony;;;blocked;No passkey registration available on web;
2026-07-06T19:31:27.980384+00:00;adafruit.com;none-attestation;;;;;;;;;;;;;;;;;no-ceremony;;;no-passkey-support;No passkey registration available on web;
2026-07-06T19:31:27.980384+00:00;alezz-oud.com;none-attestation;;;;;;;;;;;;;;;;;no-ceremony;;;no-passkey-support;No passkey registration available on web;
2026-07-06T19:31:27.980384+00:00;bitbucket.org;none-attestation;;;;;;;;;;;;;;;;;no-ceremony;;;no-passkey-support;No passkey registration available on web;
2026-07-06T19:31:27.980384+00:00;eslgaming.com;none-attestation;;;;;;;;;;;;;;;;;no-ceremony;;;no-passkey-support;No passkey registration available on web;
2026-07-06T19:31:27.980384+00:00;laverne.com;none-attestation;;;;;;;;;;;;;;;;;no-ceremony;;;no-passkey-support;No passkey registration available on web;
2026-07-06T19:31:27.980384+00:00;matchperfumes.com;none-attestation;;;;;;;;;;;;;;;;;no-ceremony;;;no-passkey-support;No passkey registration available on web;
2026-07-06T19:31:27.980384+00:00;noupe.com;none-attestation;;;;;;;;;;;;;;;;;no-ceremony;;;no-passkey-support;No passkey registration available on web;
2026-07-06T19:31:27.980384+00:00;webull.com.au;none-attestation;;;;;;;;;;;;;;;;;no-ceremony;;;no-passkey-support;No passkey registration available on web;
2026-07-06T19:31:27.980384+00:00;zyros.com;none-attestation;;;;;;;;;;;;;;;;;no-ceremony;;;no-passkey-support;No passkey registration available on web;
;google.com;none-attestation;google.com;direct;preferred;preferred;;platform;-7|-257;;;ES256(-7);TRUE;;;;;UP,UV,AT;fabricated;/_/AccountSettingsStrongauthUi/.../batchexecute;200;accepted;USER-CONFIRMED registered. Google batchexecute RPC base64-encodes the credential in f.req, so the finish is not machine-matchable and Google echoes its own ids.;artifacts/hook-runs/google.com/20260706T193749Z
;ticketmaster.com;;;;;;;;;;;;;;;;;;inconclusive;;;;;
2026-07-08T06:02:00+00:00;apexnetwork.co;revoked-reregister;;;;;;;;;;;;;;;;;inconclusive;;;inconclusive;"No UI option to delete/revoke a passkey; revoked-reregister cannot be performed.";
2026-07-08T10:27:11.562708+00:00;google.com;weak-crypto-e3;google.com;direct;preferred;preferred;;platform;-7|-257;;;RS256(-257);TRUE;3;2048;;;UP,UV,AT;fabricated;/v3/signin/_/AccountsSignInUi/data/batchexecute;200;accepted;"…l,null,null,1783506410114,null,null,\""Aglantzia, Cyprus\""],[null,null,null,null,null,null,null,null,0],null,3,0,null,null,[0],1,\""00000000-0000-0000-0000-000000000000\"",2,true,1,\""IMC-zZ3ToLjN7gE\"",\""c6HPdWMonpnmW3aOnhRot45E7EpRT10ZE2zYSQeSFMY\\u003d\"",[\""IMC-zZ3ToLjN7gE\""],true,true]],true]"",null,null,null,""generic""],[""di"",403],[""af.httprm"",403,""476073245739863127"",51]] 25 [[""e"",4,null,null,537]]";artifacts\hook-runs\google.com\20260708T102643Z
2026-07-08T11:34:20.530136+00:00;canva.com;weak-crypto-e3;www.canva.com;not-specified;required;preferred;;not-specified;-7|-257;;;RS256(-257);TRUE;3;2048;;;UP,UV,AT;fabricated;/_ajax/profile/users/UAHKqtD3Ieo/webauthn/registration;200;accepted;"…tails"":{""A"":false,""B"":false,""C"":0},""webauthnCredentials"":[{""A"":""n5PtLWfeEqedH7AKy687Y8ouZOZQ-RYsO8HP9m7WxCg"",""B"":""Windows / Chrome"",""C"":""00000000-0000-0000-0000-000000000000"",""K"":1783429088000},{""A"":""PM05g5V67KTWk5nb8UJaFfkU-kSMpKrbpOed_n7wHrc"",""B"":""Windows / Chrome"",""C"":""00000000-0000-0000-0000-000000000000"",""K"":1783510453000}],""locked"":false,""temporary"":false,""displayName"":""Efi Siapi"",""email"":""efi.audit.rps@gmail.com"",""emailStatus"":""VERI…";artifacts\hook-runs\canva.com\20260708T113342Z
2026-07-08T11:36:42.191373+00:00;nintendo.com;weak-crypto-e3;accounts.nintendo.com;none;required;required;;platform;-7|-35|-36|-8;;300000;RS256(-257);FALSE;3;2048;;;UP,UV,AT;fabricated;/api/passkey/registration;400;rejected;"{""status"":400,""title"":""invalid params"",""detail"":""invalid params"",""type"":""https://accounts.nintendo.com/problems/invalid-params"",""instance"":""https://accounts.nintendo.com/api/passkey/registration""}";artifacts\hook-runs\nintendo.com\20260708T113548Z
2026-07-08T11:55:50.188832+00:00;target.com;weak-crypto-e3;target.com;direct;required;not-specified;TRUE;not-specified;-7|-35|-36|-257|-258|-259|-37|-38|-39;;30000;RS256(-257);TRUE;3;2048;;;UP,UV,AT;fabricated;/gsp/authentications/v1/passwordless_registrations;200;accepted;"{""product_name"":""""}";artifacts\hook-runs\target.com\20260708T115538Z
2026-07-08T11:57:17.166899+00:00;x.com;weak-crypto-e3;x.com;none;preferred;not-specified;TRUE;platform;-7|-257;;;RS256(-257);TRUE;3;2048;;;UP,UV,AT;fabricated;/1.1/onboarding/task.json;200;accepted;"{""flow_token"":""u;2073073888896974848:-1783511811190:jyMImBpQ58Sew8UyifOlckfn:2"",""status"":""success"",""subtasks"":[{""subtask_id"":""PasskeyEnrollmentCompleteSubtask"",""cta"":{""primary_text"":{""text"":""You're all set"",""entities"":[]},""primary_action_link"":{""link_type"":""finish"",""link_id"":""finish_link"",""label"":""Done""},""secondary_text"":{""text"":""Now you can use this passkey any time you sign in to X from this dev…";artifacts\hook-runs\x.com\20260708T115645Z
2026-07-08T12:01:21.659693+00:00;github.com;weak-crypto-e3;github.com;none;required;required;;not-specified;-7|-257;;60000;RS256(-257);TRUE;3;2048;;;UP,UV,AT;fabricated;/u2f/trusted_devices;201;accepted;"…i"",""displayName"":""efisiapi""},""pubKeyCredParams"":[{""type"":""public-key"",""alg"":-7},{""type"":""public-key"",""alg"":-257}],""attestation"":""none"",""timeout"":60000,""excludeCredentials"":[{""type"":""public-key"",""id"":""idFQkI-iPLeRUAmM5zF8P4SHpSS4AFYiaBhHMJA2Vxs"",""transports"":[""internal""]}],""challenge"":""P2GzVLQlKldtfdouNbDjWoe1QXlNjRSHdzbBOvKNlJI"",""authenticatorSelection"":{""userVerification"":""required"",""residentKey"":""required""},""extensions"":{""credProps"":true…";artifacts\hook-runs\github.com\20260708T120100Z
2026-07-08T12:02:34.615703+00:00;indeed.com;weak-crypto-e3;indeed.com;none;preferred;required;TRUE;not-specified;-7|-8|-35|-36|-257|-258|-259;;300000;RS256(-257);TRUE;3;2048;;;UP,UV,AT;fabricated;/webauthn/register/complete;200;accepted;;artifacts\hook-runs\indeed.com\20260708T120219Z
2026-07-08T12:04:40.885012+00:00;nikkei.com;weak-crypto-e3;id.nikkei.com;not-specified;not-specified;required;TRUE;not-specified;-7|-8|-257;;300000;RS256(-257);TRUE;3;2048;;;UP,UV,AT;fabricated;/v2/account/passkeys/create;200;accepted;"{""id"":""K_T0fdEHagfArN-pPB0Ypf3ef7w0MI2m9DGCpNyp9dc"",""backup_eligible"":false,""created_at"":1783512266,""aaguid"":""00000000-0000-0000-0000-000000000000""}";artifacts\hook-runs\nikkei.com\20260708T120418Z
2026-07-08T12:13:55.765059+00:00;pixiv.net;weak-crypto-e3;pixiv.net;none;required;required;TRUE;platform;-8|-7|-257;;;RS256(-257);TRUE;3;2048;;;UP,UV,AT;fabricated;/ajax/passkeys/create/verify;200;accepted;"{""error"":false,""message"":"""",""reauthenticationRequired"":false,""body"":{""credentialRecord"":{""id"":1151601,""nickname"":""Windows Hello""},""errors"":[]}}";artifacts\hook-runs\pixiv.net\20260708T121338Z
2026-07-08T12:17:29.674549+00:00;microsoft.com;weak-crypto-e3;login.microsoft.com;direct;required;not-specified;TRUE;not-specified;-7|-257;;600000;RS256(-257);TRUE;3;2048;;;UP,UV,AT;fabricated;/proofs/Manage/additional;200;accepted;"<!DOCTYPE html> <html lang=""en"" xml:lang=""en"" class=""m_ul fh"" dir=""ltr"" style=""""> <head> <link rel=""preconnect"" href=""https://acctcdn.msftauth.net"" crossorigin> <link rel=""preconnect"" href=""https://acctcdn.msftauth.net"" crossorigin> <meta http-equiv=""x-dns-prefetch-control"" content=""on""> <link rel=""dns-prefetch"" href=""//uhf.microsoft.com""> <link rel=""dns-prefetch"" href=""//acctcdn.msftauth.net""> <l…";artifacts\hook-runs\microsoft.com\20260708T121714Z
2026-07-08T12:34:08.992942+00:00;dropbox.com;weak-crypto-e3;www.dropbox.com;direct;required;preferred;TRUE;not-specified;-7|-257;;;RS256(-257);TRUE;3;2048;;;UP,UV,AT;fabricated;/2/catapult/passkeys/finish_registration;200;accepted;"{""serialized_device_gid"":""pid_2fadevice:AFALry0rSQA_BV0JyZxgKym-pkYRYqH96KhtQztGqfPuOj0qB-2ihvgh"",""vendor"":""""}";artifacts\hook-runs\dropbox.com\20260708T123336Z
2026-07-08T12:35:55+00:00;moneyforward.com;weak-crypto-e3;;none;not-specified;required;FALSE;platform;-7|-37|-257;;120000;RS256(-257);TRUE;3;2048;;;UP,UV,AT;fabricated;/webauthn/credentials (listing) + /webauthn/assertion;200;accepted;"weak key STORED: gon.webauthnCredentials externalId=0zAFz5XB...(our RS256 e=3 credId), id 3547609, createdAt Jul 08, provider Windows(Chrome); login assertion 200. Reregister /credentials/options blocked 422 (block-cluster).";artifacts\hook-runs\moneyforward.com\20260708T123555Z
2026-07-08T12:46:33.881663+00:00;ebay.ca;weak-crypto-e3;ebay.ca;direct;required;not-specified;FALSE;not-specified;-7|-35|-36|-257|-258|-259|-37|-38|-39|-1;;300000;RS256(-257);TRUE;3;2048;;;UP,UV,AT;fabricated;/acctsec/authn-srvc;200;accepted;"[{""authenticator"":{""AAID"":""AAGuid"",""KeyID"":""MvUix388Xkp_sRLfXXvQzVL34aBZJf54wlnIfwpS2Vg""},""PublicKey"":""pAEDAzkBACBZAQDdhoOmDiB6zLzFrqwYk933kdsJozbbzHn8+JyU5FX2EwGKYPda5uUx1vt1J3+XN9Rfiyg/7KuALzmGKRDptXSUfVbiAz0nq/+u/wNQd4FhLlbEXYi9x6e43VyAo4BUQ0w4vCkpQ9NJncA2XwgE2CHyXiTr7wsCbL0pK0mNbGRrNjsXWSzxBXmktV94H7maFFBaeX4ZQOzb7bd6LykBnKBeQhP1Z0ivWhutnyeTQzn20DbmUjBSWO81bEC7IIv8oPiAeSVvQA69vQA4++1CNFAqTBRKj…";artifacts\hook-runs\ebay.ca\20260708T124554Z
2026-07-08T13:05:55+00:00;ah.nl;weak-crypto-e3;ah.nl;direct;required;required;TRUE;not-specified;-7|-257;;;RS256(-257);TRUE;3;2048;;;UP,UV,AT;fabricated;/gql;200;accepted;"{""data"":{""ciamPasskeyRegisterFinish"":{""result"":""SUCCESS"",""__typename"":""CiamPasskeyRegisterFinishMutationhResult""}}}";artifacts\hook-runs\ah.nl\20260708T130555Z
2026-07-08T13:03:57.861424+00:00;battle.net;weak-crypto-e3;battle.net;none;preferred;required;TRUE;not-specified;-7|-257;;300000;RS256(-257);TRUE;3;2048;;;UP,UV,AT;fabricated;/api/passkeys/register;200;accepted;"{""accountId"":1190261052,""credentialId"":""a2p6b928C/SAFWacjycBRygLt0xLRsrymr1eiy8jBoc"",""publicKey"":""pCFBAyBZAQDdhoOmDiB6zLzFrqwYk933kdsJozbbzHn8+JyU5FX2EwGKYPda5uUx1vt1J3+XN9Rfiyg/7KuALzmGKRDptXSUfVbiAz0nq/+u/wNQd4FhLlbEXYi9x6e43VyAo4BUQ0w4vCkpQ9NJncA2XwgE2CHyXiTr7wsCbL0pK0mNbGRrNjsXWSzxBXmktV94H7maFFBaeX4ZQOzb7bd6LykBnKBeQhP1Z0ivWhutnyeTQzn20DbmUjBSWO81bEC7IIv8oPiAeSVvQA69vQA4++1CNFAqTBRKjw5eNaFBbl…";artifacts\hook-runs\battle.net\20260708T130310Z
2026-07-08T13:13:44.318302+00:00;hatena.ne.jp;weak-crypto-e3;accounts.hatena.ne.jp;not-specified;not-specified;preferred;FALSE;not-specified;-7|-35|-36|-257|-258|-259|-37|-38|-39|-8;;300000;RS256(-257);TRUE;3;2048;;;UP,UV,AT;fabricated;/settings/passkeys/create;204;accepted;"…""></script> <link rel=""stylesheet"" href=""/assets/main-pzjpB8cI.css"" /> <script> window.__INITIAL_STATE__ = {""Credentials"":[{""id"":""tfZpEsDs08S9gbn2gfYAyxKptxfaWjPRxiKeM2IchY8="",""name"":""FIDO U2F Security Key"",""userAgent"":""Mozilla/5.0 (Windows NT 10.0; Win64; x64) AppleWebKit/537.36 (KHTML, like Gecko) Chrome/149.0.0.0 Safari/537.36"",""createdAt"":""2026-07-08T13:13:35.4389206…";artifacts\hook-runs\hatena.ne.jp\20260708T131333Z
2026-07-08T13:29:16.743940+00:00;strawberryhotels.com;weak-crypto-e3;www.strawberryhotels.com;none;required;required;FALSE;not-specified;-7|-8|-35|-36|-257|-258|-259;;30000;RS256(-257);TRUE;3;2048;;;UP,UV,AT;fabricated;/passkey/complete-registration;200;accepted;"{""success"":true}";artifacts\hook-runs\strawberryhotels.com\20260708T132753Z
2026-07-08T13:30:31.029989+00:00;nerdfix.cz;weak-crypto-e3;indian-tv.cz;none;preferred;not-specified;;not-specified;-8|-7|-257;;60000;RS256(-257);TRUE;3;2048;;;UP,UV,AT;fabricated;;;rp-misconfig;"rp.id=indian-tv.cz but page origin is nerdfix.cz (invalid credential rp.id, spec violation) - same as always; hook fabricated RS256 e=3 for indian-tv.cz, real authenticator would SecurityError";artifacts\hook-runs\nerdfix.cz\20260708T133008Z
2026-07-08T13:34:43.143194+00:00;apexnetwork.co;weak-crypto-e3;app.apexnetwork.co;not-specified;required;required;TRUE;not-specified;-7|-35|-36|-257|-258|-259|-37|-38|-39|-8;;240000;RS256(-257);TRUE;3;2048;;;UP,UV,AT;fabricated;/auth-http/auth/v/passkeys;200;accepted;"{""data"":{""credentials"":[{""id"":""854_VQ1I6hBUjXydHFxEJ1gg6JbE41PzR6LcdEQxXt8"",""userId"":""slo9rc94ite7svgl"",""attachment"":""platform"",""deviceAAUUID"":null,""deviceName"":""Passkey Device #00000000"",""userAgent"":""Chrome on Windows"",""type"":""public-key"",""dataFormat"":""github.com/go-webauthn/webauthn"",""data"":{""id"":""854/VQ1I6hBUjXydHFxEJ1gg6JbE41PzR6LcdEQxXt8="",""publicKey"":""pAEDAzkBACBZAQDdhoOmDiB6zLzFrqwYk933kdsJ…";artifacts\hook-runs\apexnetwork.co\20260708T133352Z
2026-07-08T13:35:34.549728+00:00;documenso.com;weak-crypto-e3;app.documenso.com;none;preferred;preferred;FALSE;not-specified;-8|-7|-257;;60000;RS256(-257);TRUE;3;2048;;;UP,UV,AT;fabricated;/api/trpc/auth.passkey.create;200;accepted;"[{""result"":{""data"":{""json"":null,""meta"":{""values"":[""undefined""],""v"":1}}}}]";artifacts\hook-runs\documenso.com\20260708T133523Z
2026-07-08T13:36:50.576666+00:00;aero.zip;weak-crypto-e3;aero.zip;indirect;required;preferred;;not-specified;-7;;60000;RS256(-257);FALSE;3;2048;;;UP,UV,AT;fabricated;/user/passkey/save;200;accepted;"{""status"":""success"",""data"":{""session"":{""userID"":""019f2c15-0250-7c6e-a789-5b9b71017c04"",""sessionKeyBase64"":""SOOOitXyD2Ru+76rlb+fWo36qawTX9cphgjnr1gO9Qg=""}}}";artifacts\hook-runs\aero.zip\20260708T133643Z
2026-07-08T13:40:15.382090+00:00;transferwise.com;weak-crypto-e3;wise.com;none;required;required;TRUE;not-specified;-7|-8|-35|-36|-257|-258|-259;;30000;RS256(-257);TRUE;3;2048;;;UP,UV,AT;fabricated;/gateway/v1/user/authentication/factors/passkey;200;accepted;"{""id"":26954945,""passkeyName"":""Passkey"",""providerName"":""Passkey"",""lastUsedAt"":""2026-07-08T13:40:10.307739Z"",""createdAt"":""2026-07-08T13:40:10.307739Z""}";artifacts\hook-runs\transferwise.com\20260708T133858Z
2026-07-08T13:45:16.461917+00:00;trustworthy.com;weak-crypto-e3;signin.trustworthy.com;none;required;not-specified;;platform;-7|-257;;60000;RS256(-257);TRUE;3;2048;;;UP,UV,AT;fabricated;/u/mfa-webauthn-platform-enrollment;302;accepted;;artifacts\hook-runs\trustworthy.com\20260708T134334Z
2026-07-08T13:47:11.122886+00:00;verifythisseal.com;weak-crypto-e3;verifythisseal.com;none;preferred;preferred;FALSE;cross-platform;-7|-257;;60000;RS256(-257);TRUE;3;2048;;;UP,UV,AT;fabricated;/auth/passkey/complete;200;accepted;"{""rpId"":""verifythisseal.com"",""challenge"":""yAn-sXqveRcXCoq6XCsSJ2bI6OAzRyg_RLFpzOzVY10"",""allowCredentials"":[{""id"":""7jtX941ba3VTNrHFmTblBDQJ7ub4xwMheZZEtuXO3lY"",""type"":""public-key"",""transports"":[""usb"",""ble"",""nfc"",""internal""]}],""timeout"":60000,""userVerification"":""preferred""}";artifacts\hook-runs\verifythisseal.com\20260708T134640Z
2026-07-09T18:53:18+00:00;zitadel.com;weak-crypto-e3;;;;;;;;;;;TRUE;3;2048;;;;fabricated;/login/passkey + /admin/users (verify);200/500;accepted-unverifiable;"GRAY AREA: registration ACCEPTED (RSA-2048 passkey shows Ready in Passwordless list) but assertion/verification FAILS (500 Could not verify passkey, RSC error digest); enrolled-but-unusable. Needs e=65537 control to isolate e=3 vs zitadel RSA path.";artifacts\hook-runs\zitadel.com\20260709T185140Z
2026-07-09T15:30:55.093253+00:00;google.com;leaked-key-test;google.com;direct;preferred;preferred;;platform;-7|-257;;;ES256(-7);TRUE;;;leaked;google/keytransparency#1530;UP,UV,AT;fabricated;/_/AccountSettingsStrongauthUi/data/batchexecute;200;accepted;"…null,null,null,1783611047487,null,null,\""Latsia, Cyprus\""],[null,null,null,null,null,null,null,null,0],null,3,0,null,null,[0],1,\""00000000-0000-0000-0000-000000000000\"",2,true,2,\""IMC-zZ3ToLjN7gE\"",\""YcwiInwp4LBwTYTnUXQXiWar5ML0dQ8FgRF5X2e80p4\\u003d\"",[\""IMC-zZ3ToLjN7gE\""],true,true]],true]"",null,null,null,""generic""],[""di"",407],[""af.httprm"",407,""392092269868647553"",51]] 25 [[""e"",4,null,null,960]]";artifacts\hook-runs\google.com\20260709T153025Z
2026-07-09T15:32:26.770002+00:00;facebook.com;leaked-key-test;accounts.meta.com;none;required;preferred;;not-specified;-7|-257|-8;;600000;ES256(-7);TRUE;;;leaked;google/keytransparency#1530;UP,UV,AT;fabricated;/api/graphql/ (useCreatePasskeyMutation);200;accepted;"{""data"":{""xfb_fx_settings_create_passkey"":{""success"":true,""fxcal_settings"":{""node"":{""__typename"":""XFBFXSettingsSecurityAndLogin"",""id"":""security_and_login:1156706374195657"",""is_eligible_for_account_center_upsell"":false}}}},""extensions"":{""server_metadata"":{""request_start_time_ms"":1783611138695,""time_at_flush_ms"":1783611140623},""is_final"":true}}";artifacts\hook-runs\facebook.com\20260709T153211Z
2026-07-09T15:39:22.407626+00:00;canva.com;leaked-key-test;www.canva.com;not-specified;required;preferred;;not-specified;-7|-257;;;ES256(-7);TRUE;;;leaked;google/keytransparency#1530;UP,UV,AT;fabricated;/_ajax/profile/users/UAHKqtD3Ieo/webauthn/registration;200;accepted;"…tails"":{""A"":false,""B"":false,""C"":0},""webauthnCredentials"":[{""A"":""n5PtLWfeEqedH7AKy687Y8ouZOZQ-RYsO8HP9m7WxCg"",""B"":""Windows / Chrome"",""C"":""00000000-0000-0000-0000-000000000000"",""K"":1783429088000},{""A"":""5fLxy2mMwsia2kTqGveWc_AoWYf1UW_3fUd_Ppa-2c8"",""B"":""Windows / Chrome"",""C"":""00000000-0000-0000-0000-000000000000"",""K"":1783611547000}],""locked"":false,""temporary"":false,""displayName"":""Efi Siapi"",""email"":""efi.audit.rps@gmail.com"",""emailStatus"":""VERI…";artifacts\hook-runs\canva.com\20260709T153832Z
2026-07-09T15:41:49.606462+00:00;nintendo.com;leaked-key-test;accounts.nintendo.com;none;required;required;;platform;-7|-35|-36|-8;;300000;ES256(-7);TRUE;;;leaked;google/keytransparency#1530;UP,UV,AT;fabricated;/api/passkey/registration;200;accepted;"…gionNAL&quot;:false,&quot;isMarioKartTheme&quot;:false,&quot;isSDAppLogin&quot;:false}"" class=""t-displayNone""></div> <div id=""data"" data-json=""{&quot;passkey&quot;:{&quot;credentialId&quot;:&quot;IwP3uEKWTl_R0JrC1T3rUjW4qwIf7-j6kw5WP-o3Krg&quot;,&quot;detector&quot;:{&quot;browserName&quot;:&quot;Chrome&quot;,&quot;deviceName&quot;:&quot;Windows&quot;,&quot;isOnDevice&quot;:false,&quot;isMobile&quot;:false},&quot;createdAt&quot;:178361…";artifacts\hook-runs\nintendo.com\20260709T154041Z
2026-07-09T16:15:50.881837+00:00;x.com;leaked-key-test;x.com;none;preferred;not-specified;TRUE;platform;-7|-257;;;ES256(-7);TRUE;;;leaked;google/keytransparency#1530;UP,UV,AT;fabricated;/1.1/onboarding/task.json;200;accepted;"{""flow_token"":""u;2073073888896974848:-1783613729062:RUkp2WyiYvlr3MzQZoEyqBZs:2"",""status"":""success"",""subtasks"":[{""subtask_id"":""PasskeyEnrollmentCompleteSubtask"",""cta"":{""primary_text"":{""text"":""You're all set"",""entities"":[]},""primary_action_link"":{""link_type"":""finish"",""link_id"":""finish_link"",""label"":""Done""},""secondary_text"":{""text"":""Now you can use this passkey any time you sign in to X from this dev…";artifacts\hook-runs\x.com\20260709T161520Z
2026-07-09T16:23:10.266605+00:00;discord.com;leaked-key-test;discord.com;none;preferred;discouraged;FALSE;not-specified;-7|-257;;300000;ES256(-7);TRUE;;;leaked;google/keytransparency#1530;UP,UV,AT;fabricated;/api/v9/users/@me/mfa/webauthn/credentials;201;accepted;"{""id"":""1524813124111437927"",""type"":1,""name"":""My Key"",""backup_codes"":[{""user_id"":""1522633480339460241"",""code"":""j529q3aj"",""consumed"":false},{""user_id"":""1522633480339460241"",""code"":""s0vr7odb"",""consumed"":false},{""user_id"":""1522633480339460241"",""code"":""e4bac38y"",""consumed"":false},{""user_id"":""1522633480339460241"",""code"":""7fhmrgpb"",""consumed"":false},{""user_id"":""1522633480339460241"",""code"":""jc0etp4a"",""con…";artifacts\hook-runs\discord.com\20260709T162250Z
2026-07-09T16:28:33.881626+00:00;github.com;leaked-key-test;github.com;none;required;required;;not-specified;-7|-257;;60000;ES256(-7);TRUE;;;leaked;google/keytransparency#1530;UP,UV,AT;fabricated;/u2f/trusted_devices;201;accepted;"…i"",""displayName"":""efisiapi""},""pubKeyCredParams"":[{""type"":""public-key"",""alg"":-7},{""type"":""public-key"",""alg"":-257}],""attestation"":""none"",""timeout"":60000,""excludeCredentials"":[{""type"":""public-key"",""id"":""iXsrU7r1C-b5pnsG3SDfMew1CSlYpLWqehDLai23nfQ"",""transports"":[""internal""]}],""challenge"":""pp6xQ1j5WojOR6B9EirdRd_y28FDcJChm2yZUhIU6w8"",""authenticatorSelection"":{""userVerification"":""required"",""residentKey"":""required""},""extensions"":{""credProps"":true…";artifacts\hook-runs\github.com\20260709T162759Z
2026-07-09T16:31:06.033341+00:00;indeed.com;leaked-key-test;indeed.com;none;preferred;required;TRUE;not-specified;-7|-8|-35|-36|-257|-258|-259;;300000;ES256(-7);TRUE;;;leaked;google/keytransparency#1530;UP,UV,AT;fabricated;/webauthn/register/complete;200;accepted;;artifacts\hook-runs\indeed.com\20260709T163036Z
2026-07-09T16:33:54.942399+00:00;nikkei.com;leaked-key-test;id.nikkei.com;not-specified;not-specified;required;TRUE;not-specified;-7|-8|-257;;300000;ES256(-7);TRUE;;;leaked;google/keytransparency#1530;UP,UV,AT;fabricated;/v2/account/passkeys/create;200;accepted;"{""id"":""b8_GSHtcFvd5_WQVqqFG08EBYalwo_488aqvEYSudMQ"",""backup_eligible"":false,""created_at"":1783614826,""aaguid"":""00000000-0000-0000-0000-000000000000""}";artifacts\hook-runs\nikkei.com\20260709T163338Z
2026-07-09T16:39:49.510129+00:00;onlyfans.com;leaked-key-test;onlyfans.com;none;preferred;preferred;FALSE;not-specified;-7|-257;;;ES256(-7);TRUE;;;leaked;google/keytransparency#1530;UP,UV,AT;fabricated;/api2/v2/webauthn/register;200;accepted;"{""success"":true}";artifacts\hook-runs\onlyfans.com\20260709T163907Z
2026-07-09T16:43:23.754008+00:00;pixiv.net;leaked-key-test;pixiv.net;none;required;required;TRUE;platform;-8|-7|-257;;;ES256(-7);TRUE;;;leaked;google/keytransparency#1530;UP,UV,AT;fabricated;/ajax/passkeys/create/verify;200;accepted;"{""error"":false,""message"":"""",""reauthenticationRequired"":false,""body"":{""credentialRecord"":{""id"":1154645,""nickname"":""Windows Hello""},""errors"":[]}}";artifacts\hook-runs\pixiv.net\20260709T164305Z
2026-07-09T16:45:45.973079+00:00;microsoft.com;leaked-key-test;login.microsoft.com;direct;required;not-specified;TRUE;not-specified;-7|-257;;600000;ES256(-7);TRUE;;;leaked;google/keytransparency#1530;UP,UV,AT;fabricated;/proofs/Manage/additional;200;accepted;"<!DOCTYPE html> <html lang=""en"" xml:lang=""en"" class=""m_ul fh"" dir=""ltr"" style=""""> <head> <link rel=""preconnect"" href=""https://acctcdn.msftauth.net"" crossorigin> <link rel=""preconnect"" href=""https://acctcdn.msftauth.net"" crossorigin> <meta http-equiv=""x-dns-prefetch-control"" content=""on""> <link rel=""dns-prefetch"" href=""//uhf.microsoft.com""> <link rel=""dns-prefetch"" href=""//acctcdn.msftauth.net""> <l…";artifacts\hook-runs\microsoft.com\20260709T164528Z
2026-07-09T16:47:50.248030+00:00;airbnb.com;leaked-key-test;airbnb.com;not-specified;required;required;TRUE;not-specified;-7;;;ES256(-7);TRUE;;;leaked;google/keytransparency#1530;UP,UV,AT;fabricated;/api/v3/AirlockPasskeyRegistrationFrictionSaveMutation/82f7defa0dd8775a4550583cad1f14a1ebfa72976907ed07bf5f463b5c9c8cf1;200;accepted;"{""data"":{""airlockPasskeyRegistrationFrictionSave"":{""__typename"":""AirlockPasskeyRegistrationResponse"",""airlock"":{""__typename"":""Airlock"",""id"":""QWlybG9jazo2MTk5Mzc2MDcw"",""viewPayload"":{""__typename"":""AirlockFlowViewPayload"",""flowView"":""RENDERLESS_OUTRO_VIEW"",""configurationFromFlow"":null},""airlockStatus"":""SATISFIED"",""airlockWebviewUrl"":""https://www.airbnb.com/airlock?al_id=6199376070"",""escapable"":true,…";artifacts\hook-runs\airbnb.com\20260709T164716Z
2026-07-09T16:52:05.393762+00:00;ticketmaster.com;leaked-key-test;ticketmaster.com;none;required;required;TRUE;platform;-7|-8|-35|-36|-257|-258|-259;;300000;ES256(-7);TRUE;;;leaked;google/keytransparency#1530;UP,UV,AT;fabricated;/account/json/passkey/register/complete;200;accepted;{};artifacts\hook-runs\ticketmaster.com\20260709T165113Z
2026-07-09T16:54:42.652012+00:00;dropbox.com;leaked-key-test;www.dropbox.com;direct;required;preferred;TRUE;not-specified;-7|-257;;;ES256(-7);TRUE;;;leaked;google/keytransparency#1530;UP,UV,AT;fabricated;/2/catapult/passkeys/finish_registration;200;accepted;"{""serialized_device_gid"":""pid_2fadevice:AFALsFySfqkLbpHW0WUBLSbPozUULeNL35WSJghrqbBMYw2__lgppzkX"",""vendor"":""""}";artifacts\hook-runs\dropbox.com\20260709T165419Z
2026-07-09T16:56:11.082052+00:00;moneyforward.com;leaked-key-test;;none;required;required;FALSE;platform;-7|-37|-257;;120000;ES256(-7);TRUE;;;leaked;google/keytransparency#1530;UP,UV,AT;fabricated;/webauthn/credentials;200;accepted;"<!DOCTYPE html> <html lang=""en""> <head> <script> //<![CDATA[ window.gon={};gon.enforceBizTheme=false;gon.webauthnUser={""name"":""efi.audit.rps@gmail.com"",""id"":""d6oR2YkTl-B6ALpCVmAEqBom8Mnmu5BgFkX_19L58w_umIJf5QNM6WM-1Cd6glMO0G2Z1EG4I-f01E7QyX8LPQ"",""displayName"":""efi.audit.rps@gmail.com""};gon.webauthnCredentials=[{""id"":3551762,""externalId"":""hz33edyzuyboXNJbg_Zc8y7NREmKdATAdDsyVAp_GBc"",""lastUsedAt"":""J…";artifacts\hook-runs\moneyforward.com\20260709T165602Z
2026-07-09T16:58:15.629067+00:00;openai.com;leaked-key-test;openai.com;direct;required;required;TRUE;not-specified;-7|-257;;600000;ES256(-7);TRUE;;;leaked;google/keytransparency#1530;UP,UV,AT;fabricated;/api/mfa/public/passkey/enrollment/finish;200;accepted;"{ ""credential_id"": ""Mz5470YRiCwYCd0uZuCmclMBeOM3p1cf6hKtvf6mrsg"", ""mfa_factor_id"": ""6a4fd32027948191a9c4b832ce8d409b"" }";artifacts\hook-runs\openai.com\20260709T165756Z
2026-07-09T17:01:34.447350+00:00;ebay.ca;leaked-key-test;ebay.ca;direct;required;not-specified;FALSE;not-specified;-7|-35|-36|-257|-258|-259|-37|-38|-39|-1;;300000;ES256(-7);TRUE;;;leaked;google/keytransparency#1530;UP,UV,AT;fabricated;/acctsec/authn-srvc;200;accepted;"…""psUrl"":""https://ir.ebaystatic.com/rs/v/s0hteylevy4bpkd12dvkd4yi5ms.js""}},""isMweb"":false,""showPasskeysManagement"":true,""webAuthnKeys"":[{""displayName"":""Passkey"",""activationDate"":""Jul 9, 2026"",""keyId"":""L-s78V_vBaBL9njKingcddtpGYlMujDgbzmYBe3T2QA"",""isSecurityKey"":false,""rpId"":""ebay.ca""}],""rpIds"":[""ebay.ca""],""showSnackbar"":true,""snackbarMessage"":""You added a passkey"",""showAddPasskeyButton"":true,""enablePasskeysMgmtSignals"":false,""isPageEnabled""…";artifacts\hook-runs\ebay.ca\20260709T170108Z
2026-07-09T17:03:22.583185+00:00;ah.nl;leaked-key-test;ah.nl;direct;required;required;TRUE;not-specified;-7|-257;;;ES256(-7);TRUE;;;leaked;google/keytransparency#1530;UP,UV,AT;fabricated;/gql;200;accepted;"{""data"":{""ciamPasskeyRegisterFinish"":{""result"":""SUCCESS"",""__typename"":""CiamPasskeyRegisterFinishMutationhResult""}}}";artifacts\hook-runs\ah.nl\20260709T170312Z
2026-07-09T17:05:18.493744+00:00;atlassian.com;leaked-key-test;atlassian.com;none;required;required;TRUE;not-specified;-7|-257|-8;;60000;ES256(-7);TRUE;;;leaked;google/keytransparency#1530;UP,UV,AT;fabricated;/manage/rest/passkey/confirm-enroll;204;accepted;"{""devices"":[{""deviceName"":""leaked"",""credentialId"":""i2bz6XO5SuLkbUAFeuXhZsmo2CNbTC8j2bkeAthlXXU"",""createdAt"":""2026-07-09T17:05:14.682Z""}]}";artifacts\hook-runs\atlassian.com\20260709T170504Z
2026-07-09T17:06:45.780195+00:00;battle.net;leaked-key-test;battle.net;none;preferred;required;TRUE;not-specified;-7|-257;;300000;ES256(-7);TRUE;;;leaked;google/keytransparency#1530;UP,UV,AT;fabricated;/api/passkeys/register;200;accepted;"{""accountId"":1190261052,""credentialId"":""n3rMaBV1+3mdo4WTLsGlTb2kx8kX3Kv1qnviOdu0/RQ"",""publicKey"":""pQECAyYgASFYIFix5tEy2Gk8xDaT5AZdhO/ckqiSPhFudVaaFoe8KmNzIlggo0iXH7eM4BHjXh2BG/09owRR+HmIOIkjew/1WGicSUQ"",""counter"":0,""createdTime"":""2026-07-09T17:06:40.212Z"",""lastUsedTime"":"""",""nickname"":""UNKNOWN"",""aaguid"":""00000000-0000-0000-0000-000000000000"",""lastUsedIpAddress"":null,""authenticatorInfo"":{""name"":""Unk…";artifacts\hook-runs\battle.net\20260709T170633Z
2026-07-09T17:08:09.922414+00:00;hatena.ne.jp;leaked-key-test;accounts.hatena.ne.jp;not-specified;not-specified;preferred;FALSE;not-specified;-7|-35|-36|-257|-258|-259|-37|-38|-39|-8;;300000;ES256(-7);TRUE;;;leaked;google/keytransparency#1530;UP,UV,AT;fabricated;/settings/passkeys/create;204;accepted;"…""></script> <link rel=""stylesheet"" href=""/assets/main-pzjpB8cI.css"" /> <script> window.__INITIAL_STATE__ = {""Credentials"":[{""id"":""9QDVCpmUk85CygpiX_hxrU4pYweny0Ua86FEfdwzqlY="",""name"":""FIDO U2F Security Key"",""userAgent"":""Mozilla/5.0 (Windows NT 10.0; Win64; x64) AppleWebKit/537.36 (KHTML, like Gecko) Chrome/150.0.0.0 Safari/537.36"",""createdAt"":""2026-07-09T17:08:02.1338076…";artifacts\hook-runs\hatena.ne.jp\20260709T170758Z
2026-07-09T17:09:13.624060+00:00;ui.com;leaked-key-test;ui.com;none;preferred;preferred;FALSE;not-specified;-7|-8|-36|-37|-38|-39|-257|-258|-259;;60000;ES256(-7);TRUE;;;leaked;google/keytransparency#1530;UP,UV,AT;fabricated;/api/sso/v1/user/self/mfa/webauthn/f12ec1a6-0689-4691-85cf-59481eda0520/verify;204;accepted;"{""authenticators"":[{""id"":""f12ec1a6-0689-4691-85cf-59481eda0520"",""created"":""2026-07-09T17:09:08.722784Z"",""last_success"":null,""type"":""webauthn"",""status"":""pending"",""credential_id"":null,""authenticator_attachment"":null,""aaguid"":null,""name"":""__passkey__"",""provider_friendly_name"":""Passkey""},{""id"":""9d0e495e-950b-4732-89be-bf4d636c928e"",""created"":""2026-07-03T19:26:43.064860Z"",""last_success"":""2026-07-06T17:…";artifacts\hook-runs\ui.com\20260709T170905Z
2026-07-09T17:11:01.486298+00:00;strawberryhotels.com;leaked-key-test;www.strawberryhotels.com;none;required;required;FALSE;not-specified;-7|-8|-35|-36|-257|-258|-259;;30000;ES256(-7);TRUE;;;leaked;google/keytransparency#1530;UP,UV,AT;fabricated;/passkey/complete-registration;200;accepted;"{""success"":true}";artifacts\hook-runs\strawberryhotels.com\20260709T171051Z
2026-07-09T17:13:27.480501+00:00;nerdfix.cz;leaked-key-test;indian-tv.cz;none;preferred;not-specified;;not-specified;-8|-7|-257;;60000;ES256(-7);TRUE;;;leaked;google/keytransparency#1530;UP,UV,AT;fabricated;/graphql (beginPasskeyRegistration only);;rp-misconfig;"rp.id=indian-tv.cz but page origin is nerdfix.cz (invalid cross-domain rp.id, spec violation) - same misconfiguration as always. Leaked key fabricated; only beginPasskeyRegistration on the wire, no finish mutation sent (server verdict not-captured).";artifacts\hook-runs\nerdfix.cz\20260709T171231Z
2026-07-09T17:17:47.762254+00:00;apexnetwork.co;leaked-key-test;app.apexnetwork.co;not-specified;required;required;TRUE;not-specified;-7|-35|-36|-257|-258|-259|-37|-38|-39|-8;;240000;ES256(-7);TRUE;;;leaked;google/keytransparency#1530;UP,UV,AT;fabricated;/auth-http/auth/v/passkeys;200;accepted;"{""data"":{""credentials"":[{""id"":""854_VQ1I6hBUjXydHFxEJ1gg6JbE41PzR6LcdEQxXt8"",""userId"":""slo9rc94ite7svgl"",""attachment"":""platform"",""deviceAAUUID"":null,""deviceName"":""Passkey Device #00000000"",""userAgent"":""Chrome on Windows"",""type"":""public-key"",""dataFormat"":""github.com/go-webauthn/webauthn"",""data"":{""id"":""854/VQ1I6hBUjXydHFxEJ1gg6JbE41PzR6LcdEQxXt8="",""publicKey"":""pAEDAzkBACBZAQDdhoOmDiB6zLzFrqwYk933kdsJ…";artifacts\hook-runs\apexnetwork.co\20260709T171719Z
2026-07-09T17:20:13.017069+00:00;documenso.com;leaked-key-test;app.documenso.com;none;preferred;preferred;FALSE;not-specified;-8|-7|-257;;60000;ES256(-7);TRUE;;;leaked;google/keytransparency#1530;UP,UV,AT;fabricated;/api/trpc/auth.passkey.create;200;accepted;"[{""result"":{""data"":{""json"":null,""meta"":{""values"":[""undefined""],""v"":1}}}}]";artifacts\hook-runs\documenso.com\20260709T172004Z
2026-07-09T17:21:11.309678+00:00;aero.zip;leaked-key-test;aero.zip;indirect;required;preferred;;not-specified;-7;;60000;ES256(-7);TRUE;;;leaked;google/keytransparency#1530;UP,UV,AT;fabricated;/user/passkey/save;200;accepted;"{""status"":""success"",""data"":{""session"":{""userID"":""019f2c15-0250-7c6e-a789-5b9b71017c04"",""sessionKeyBase64"":""NBhsCQn911dnj2+zKIsosPD61HYszfNjZ3jB39SIG2k=""}}}";artifacts\hook-runs\aero.zip\20260709T172103Z
2026-07-09T17:23:08.585760+00:00;transferwise.com;leaked-key-test;wise.com;none;required;required;TRUE;not-specified;-7|-8|-35|-36|-257|-258|-259;;30000;ES256(-7);TRUE;;;leaked;google/keytransparency#1530;UP,UV,AT;fabricated;/gateway/v1/user/authentication/factors/passkey;200;accepted;"{""id"":27240785,""passkeyName"":""Passkey"",""providerName"":""Passkey"",""lastUsedAt"":""2026-07-09T17:23:02.977443Z"",""createdAt"":""2026-07-09T17:23:02.977443Z""}";artifacts\hook-runs\transferwise.com\20260709T172241Z
2026-07-09T17:34:42.487834+00:00;trustworthy.com;leaked-key-test;signin.trustworthy.com;none;discouraged;not-specified;;cross-platform;-7|-257;;60000;ES256(-7);TRUE;;;leaked;google/keytransparency#1530;UP,UV,AT;fabricated;/u/mfa-webauthn-enrollment;302;accepted;;artifacts\hook-runs\trustworthy.com\20260709T173352Z
2026-07-09T17:36:09.203346+00:00;verifythisseal.com;leaked-key-test;verifythisseal.com;none;preferred;preferred;FALSE;cross-platform;-7|-257;;60000;ES256(-7);TRUE;;;leaked;google/keytransparency#1530;UP,UV,AT;fabricated;/my-account/passkeys/register/complete;200;accepted;;artifacts\hook-runs\verifythisseal.com\20260709T173555Z
2026-07-09T17:38:27.151072+00:00;zitadel.com;leaked-key-test;zitadel.com;none;required;not-specified;;not-specified;-7|-35|-36|-257|-258|-259|-37|-38|-39|-8;;300000;ES256(-7);TRUE;;;leaked;google/keytransparency#1530;UP,UV,AT;fabricated;/login/passkey;200;accepted;;artifacts\hook-runs\zitadel.com\20260709T173806Z
2026-07-09T18:13:24.930646+00:00;onlyfans.com;weak-crypto-e3;onlyfans.com;none;preferred;preferred;FALSE;not-specified;-7|-257;;;RS256(-257);TRUE;3;2048;;;UP,UV,AT;fabricated;/api2/v2/webauthn/register;200;accepted;"{""success"":true}";artifacts\hook-runs\onlyfans.com\20260709T181232Z
2026-07-09T18:22:14.183510+00:00;airbnb.com;weak-crypto-e3;airbnb.com;not-specified;required;required;TRUE;not-specified;-7;;;RS256(-257);FALSE;3;2048;;;UP,UV,AT;fabricated;/api/v3/AirlockPasskeyRegistrationFrictionSaveMutation/82f7defa0dd8775a4550583cad1f14a1ebfa72976907ed07bf5f463b5c9c8cf1;200;rejected;"airlockPasskeyRegistrationFrictionSave errors:[{errorCode:CREATION_FAILED, ""Something went wrong, please try again later.""}], airlock:null (GraphQL 200 w/ error body)";artifacts\hook-runs\airbnb.com\20260709T182038Z
2026-07-09T18:46:17.265426+00:00;facebook.com;weak-crypto-e3;accounts.meta.com;none;required;preferred;;not-specified;-7|-257|-8;;600000;RS256(-257);TRUE;3;2048;;;UP,UV,AT;fabricated;/api/graphql/ (useCreatePasskeyMutation);200;rejected;"xfb_fx_settings_create_passkey:null; errors:[field_exception severity:CRITICAL summary:""Query Error"" code:1675030 requires_reauth:false allow_user_retry:false is_transient:false is_final:true] (definitive rejection, GraphQL 200 w/ error body)";artifacts\hook-runs\facebook.com\20260709T184501Z
2026-07-09T18:50:01.591582+00:00;discord.com;weak-crypto-e3;discord.com;none;preferred;discouraged;FALSE;not-specified;-7|-257;;300000;RS256(-257);TRUE;3;2048;;;UP,UV,AT;fabricated;/api/v9/users/@me/mfa/webauthn/credentials;400;rejected;"{""message"":""Security key authentication failed"",""code"":60008} (400, after 2FA step; discord evaluated key at finish and refused)";artifacts\hook-runs\discord.com\20260709T184917Z
2026-07-09T18:56:23.197992+00:00;atlassian.com;weak-crypto-e3;atlassian.com;none;required;required;TRUE;not-specified;-7|-257|-8;;60000;RS256(-257);TRUE;3;2048;;;UP,UV,AT;fabricated;/manage/rest/passkey/confirm-enroll;204;accepted;"{""devices"":[{""deviceName"":""e3"",""credentialId"":""7mt3xQ9IOdpTX3Vu9pPEyOL1WxKbCB0rr4BEOiWXqko"",""createdAt"":""2026-07-09T18:25:27.453Z""},{""deviceName"":""e3"",""credentialId"":""DXMSENBapo__aHQKlp93kMJ0_XRylMG3bZEe30JYaSI"",""createdAt"":""2026-07-09T18:56:15.122Z""}]}";artifacts\hook-runs\atlassian.com\20260709T185545Z
2026-07-09T18:58:11.716047+00:00;ui.com;weak-crypto-e3;ui.com;none;preferred;preferred;FALSE;not-specified;-7|-8|-36|-37|-38|-39|-257|-258|-259;;60000;RS256(-257);TRUE;3;2048;;;UP,UV,AT;fabricated;/api/sso/v1/user/self/mfa/webauthn/7c8acb3b-3d4c-4ac4-8f88-9f0f481455c5/verify;204;accepted;"{""authenticators"":[{""id"":""7c8acb3b-3d4c-4ac4-8f88-9f0f481455c5"",""created"":""2026-07-09T18:57:59.933430Z"",""last_success"":null,""type"":""webauthn"",""status"":""pending"",""credential_id"":null,""authenticator_attachment"":null,""aaguid"":null,""name"":""__passkey__"",""provider_friendly_name"":""Passkey""},{""id"":""9d0e495e-950b-4732-89be-bf4d636c928e"",""created"":""2026-07-03T19:26:43.064860Z"",""last_success"":""2026-07-06T17:…";artifacts\hook-runs\ui.com\20260709T185751Z
2026-07-09T19:00:21.354642+00:00;ticketmaster.com;weak-crypto-e3;ticketmaster.com;none;required;required;TRUE;platform;-7|-8|-35|-36|-257|-258|-259;;300000;RS256(-257);TRUE;3;2048;;;UP,UV,AT;fabricated;/account/json/passkey/register/complete;200;accepted;{};artifacts\hook-runs\ticketmaster.com\20260709T185940Z
2026-07-09T19:03:05.316500+00:00;openai.com;weak-crypto-e3;openai.com;direct;required;required;TRUE;not-specified;-7|-257;;600000;RS256(-257);TRUE;3;2048;;;UP,UV,AT;fabricated;/api/mfa/public/passkey/enrollment/finish;200;accepted;"{ ""credential_id"": ""ZDwANZve_LBFBe9GCn2Yr_xiDRzmxAoqxMDacqqbCxo"", ""mfa_factor_id"": ""6a4ff05dfff4819188b1f149378790b5"" }";artifacts\hook-runs\openai.com\20260709T190220Z
2026-07-10T09:18:15.960879+00:00;google.com;revoked-reregister;google.com;direct;preferred;preferred;;platform;-7|-257;;;ES256(-7);TRUE;;;;;UP,UV,AT;reused;;;;;artifacts\hook-runs\google.com\20260710T091744Z
2026-07-10T09:19:38.195072+00:00;facebook.com;revoked-reregister;accounts.meta.com;none;required;preferred;;not-specified;-7|-257|-8;;600000;ES256(-7);TRUE;;;;;UP,UV,AT;reused;/api/graphql/ (useCreatePasskeyMutation);200;accepted;"{""data"":{""xfb_fx_settings_create_passkey"":{""success"":true,""fxcal_settings"":{""node"":{""__typename"":""XFBFXSettingsSecurityAndLogin"",""id"":""security_and_login:1156706374195657"",""is_eligible_for_account_center_upsell"":false}}}},""extensions"":{""server_metadata"":{""request_start_time_ms"":1783675165915,""time_at_flush_ms"":1783675168058},""is_final"":true}}";artifacts\hook-runs\facebook.com\20260710T091914Z
2026-07-10T09:20:43.518977+00:00;canva.com;revoked-reregister;www.canva.com;not-specified;required;preferred;;not-specified;-7|-257;;;ES256(-7);TRUE;;;;;UP,UV,AT;reused;/_ajax/profile/users/UAHKqtD3Ieo/webauthn/registration;200;accepted;"{""user"":{""id"":""UAHKqtD3Ieo"",""creationDate"":1779703597000,""ageStatus"":""B"",""status"":""A"",""mfaSecurityDetails"":{""A"":false,""B"":false,""C"":0},""webauthnCredentials"":[{""A"":""MFBsO0buRYlJFuUayL3vV0qymHc6Ct2c-x6Wjs_n7hs"",""B"":""Windows / Chrome"",""C"":""00000000-0000-0000-0000-000000000000"",""K"":1783675236000}],""locked"":false,""temporary"":false,""displayName"":""Efi Siapi"",""email"":""efi.audit.rps@gmail.com"",""emailStatus"":""VERI…";artifacts\hook-runs\canva.com\20260710T092020Z
2026-07-10T09:22:22.357717+00:00;nintendo.com;revoked-reregister;accounts.nintendo.com;none;required;required;;platform;-7|-35|-36|-8;;300000;ES256(-7);TRUE;;;;;UP,UV,AT;reused;/api/passkey/registration;200;accepted;"…gionNAL&quot;:false,&quot;isMarioKartTheme&quot;:false,&quot;isSDAppLogin&quot;:false}"" class=""t-displayNone""></div> <div id=""data"" data-json=""{&quot;passkey&quot;:{&quot;credentialId&quot;:&quot;RRjQnVgPKfsAbgls3K9W06ur7irkkBA-yFZUL17jPOQ&quot;,&quot;detector&quot;:{&quot;browserName&quot;:&quot;Chrome&quot;,&quot;deviceName&quot;:&quot;Windows&quot;,&quot;isOnDevice&quot;:false,&quot;isMobile&quot;:false},&quot;createdAt&quot;:178367…";artifacts\hook-runs\nintendo.com\20260710T092134Z
2026-07-10T09:48:11.562762+00:00;x.com;revoked-reregister;x.com;none;preferred;not-specified;TRUE;platform;-7|-257;;;ES256(-7);TRUE;;;;;UP,UV,AT;reused;/1.1/onboarding/task.json;200;accepted;"{""flow_token"":""u;2073073888896974848:-1783676873209:CHa7kiztLs13NZ90x7T7Sk2Q:2"",""status"":""success"",""subtasks"":[{""subtask_id"":""PasskeyEnrollmentCompleteSubtask"",""cta"":{""primary_text"":{""text"":""You're all set"",""entities"":[]},""primary_action_link"":{""link_type"":""finish"",""link_id"":""finish_link"",""label"":""Done""},""secondary_text"":{""text"":""Now you can use this passkey any time you sign in to X from this dev…";artifacts\hook-runs\x.com\20260710T094749Z
2026-07-10T09:50:54.116899+00:00;discord.com;revoked-reregister;discord.com;none;preferred;discouraged;FALSE;not-specified;-7|-257;;300000;ES256(-7);TRUE;;;;;UP,UV,AT;reused;/api/v9/users/@me/mfa/webauthn/credentials;201;accepted;"{""id"":""1525076805374185593"",""type"":1,""name"":""My Key"",""backup_codes"":[{""user_id"":""1522633480339460241"",""code"":""fw5k90lw"",""consumed"":false},{""user_id"":""1522633480339460241"",""code"":""uya22rql"",""consumed"":false},{""user_id"":""1522633480339460241"",""code"":""dk2428bd"",""consumed"":false},{""user_id"":""1522633480339460241"",""code"":""uiac6alj"",""consumed"":false},{""user_id"":""1522633480339460241"",""code"":""1uidoes4"",""con…";artifacts\hook-runs\discord.com\20260710T095030Z
2026-07-10T09:54:08.410059+00:00;github.com;revoked-reregister;github.com;none;required;required;;not-specified;-7|-257;;60000;ES256(-7);TRUE;;;;;UP,UV,AT;reused;/u2f/trusted_devices;201;accepted;"…i"",""displayName"":""efisiapi""},""pubKeyCredParams"":[{""type"":""public-key"",""alg"":-7},{""type"":""public-key"",""alg"":-257}],""attestation"":""none"",""timeout"":60000,""excludeCredentials"":[{""type"":""public-key"",""id"":""rCiuO6fbx1jLfF-c1UpzfbNeX6pI0RTJB1UhA2xsne8"",""transports"":[""internal""]}],""challenge"":""riLRFHmh7EIJD0PxRBRgMmgnqKnd6RnbUp9_7oE9iZA"",""authenticatorSelection"":{""userVerification"":""required"",""residentKey"":""required""},""extensions"":{""credProps"":true…";artifacts\hook-runs\github.com\20260710T095338Z
2026-07-10T09:55:26.806152+00:00;indeed.com;revoked-reregister;indeed.com;none;preferred;required;TRUE;not-specified;-7|-8|-35|-36|-257|-258|-259;;300000;ES256(-7);TRUE;;;;;UP,UV,AT;reused;/webauthn/register/complete;200;accepted;;artifacts\hook-runs\indeed.com\20260710T095515Z
2026-07-10T09:59:30.541783+00:00;nikkei.com;revoked-reregister;id.nikkei.com;not-specified;not-specified;required;TRUE;not-specified;-7|-8|-257;;300000;ES256(-7);TRUE;;;;;UP,UV,AT;reused;/v2/account/passkeys/create;200;accepted;"{""id"":""ERw9X2wvKy0v-2ga5rQABts2h9oAx9ziY1jRZtisRYM"",""backup_eligible"":false,""created_at"":1783677563,""aaguid"":""00000000-0000-0000-0000-000000000000""}";artifacts\hook-runs\nikkei.com\20260710T095908Z
2026-07-10T10:01:48.270025+00:00;onlyfans.com;revoked-reregister;onlyfans.com;none;preferred;preferred;FALSE;not-specified;-7|-257;;;ES256(-7);TRUE;;;;;UP,UV,AT;reused;/api2/v2/webauthn/register;200;accepted;"{""success"":true}";artifacts\hook-runs\onlyfans.com\20260710T100112Z
2026-07-10T10:05:32.533309+00:00;pixiv.com;revoked-reregister;pixiv.net;none;required;required;TRUE;platform;-8|-7|-257;;;ES256(-7);TRUE;;;;;UP,UV,AT;reused;/ajax/passkeys/create/verify;200;accepted;"{""error"":false,""message"":"""",""reauthenticationRequired"":false,""body"":{""credentialRecord"":{""id"":1156024,""nickname"":""Windows Hello""},""errors"":[]}}";artifacts\hook-runs\pixiv.com\20260710T100514Z
2026-07-10T10:07:59.804318+00:00;microsoft.com;revoked-reregister;login.microsoft.com;direct;required;not-specified;TRUE;not-specified;-7|-257;;600000;ES256(-7);TRUE;;;;;UP,UV,AT;rejected;/API/Proofs/ProvisionPasskey;200;accepted;"{""error"":{""code"":""1178"",""data"":"""",""stackTrace"":""""}} (HTTP 200 w/ error object; RP blocks reused/revoked credential it never registers even though the response is 200)";artifacts\hook-runs\microsoft.com\20260710T100655Z
2026-07-10T10:10:46.663762+00:00;airbnb.com;revoked-reregister;airbnb.com;not-specified;required;required;TRUE;not-specified;-7;;;ES256(-7);TRUE;;;;;UP,UV,AT;reused;/api/v3/AirlockPasskeyRegistrationFrictionSaveMutation/82f7defa0dd8775a4550583cad1f14a1ebfa72976907ed07bf5f463b5c9c8cf1;200;accepted;"{""data"":{""airlockPasskeyRegistrationFrictionSave"":{""__typename"":""AirlockPasskeyRegistrationResponse"",""airlock"":{""__typename"":""Airlock"",""id"":""QWlybG9jazo2MTk5NjIxNjA0"",""viewPayload"":{""__typename"":""AirlockFlowViewPayload"",""flowView"":""RENDERLESS_OUTRO_VIEW"",""configurationFromFlow"":null},""airlockStatus"":""SATISFIED"",""airlockWebviewUrl"":""https://www.airbnb.com/airlock?al_id=6199621604"",""escapable"":true,…";artifacts\hook-runs\airbnb.com\20260710T101013Z
2026-07-10T10:37:49.702539+00:00;ticketmaster.com;revoked-reregister;ticketmaster.com;none;required;required;TRUE;platform;-7|-8|-35|-36|-257|-258|-259;;300000;ES256(-7);TRUE;;;;;UP,UV,AT;reused;/account/json/passkey/register/complete;200;accepted;{};artifacts\hook-runs\ticketmaster.com\20260710T103708Z
2026-07-10T10:40:42.785136+00:00;dropbox.com;revoked-reregister;www.dropbox.com;direct;required;preferred;TRUE;not-specified;-7|-257;;;ES256(-7);TRUE;;;;;UP,UV,AT;reused;/2/catapult/passkeys/finish_registration;200;accepted;"{""serialized_device_gid"":""pid_2fadevice:AFALsUIa9z4_2Wqog1ugqXErbY0iebBFRNzW7hMZtIKC4y237p4aO4Ua"",""vendor"":""""}";artifacts\hook-runs\dropbox.com\20260710T104001Z
2026-07-10T10:43:40.391822+00:00;moneyforward.com;revoked-reregister;;none;required;required;FALSE;platform;-7|-37|-257;;120000;ES256(-7);TRUE;;;;;UP,UV,AT;reused;/webauthn/credentials;200;accepted;"<!DOCTYPE html> <html lang=""en""> <head> <script> //<![CDATA[ window.gon={};gon.enforceBizTheme=false;gon.webauthnUser={""name"":""efi.audit.rps@gmail.com"",""id"":""d6oR2YkTl-B6ALpCVmAEqBom8Mnmu5BgFkX_19L58w_umIJf5QNM6WM-1Cd6glMO0G2Z1EG4I-f01E7QyX8LPQ"",""displayName"":""efi.audit.rps@gmail.com""};gon.webauthnCredentials=[{""id"":3554945,""externalId"":""_p7cXaAt-doz8Slm6--NhNGiCIZpQ2B1z2Tc5ADYC4k"",""lastUsedAt"":""J…";artifacts\hook-runs\moneyforward.com\20260710T104332Z
2026-07-10T10:48:25.275631+00:00;ebay.ca;revoked-reregister;ebay.ca;direct;required;not-specified;FALSE;not-specified;-7|-35|-36|-257|-258|-259|-37|-38|-39|-1;;300000;ES256(-7);TRUE;;;;;UP,UV,AT;rejected;/acctsec/authn-srvc;500;rejected;;artifacts\hook-runs\ebay.ca\20260710T104735Z
2026-07-10T10:56:10.165199+00:00;atlassian.com;revoked-reregister;atlassian.com;none;required;required;TRUE;not-specified;-7|-257|-8;;60000;ES256(-7);TRUE;;;;;UP,UV,AT;reused;/manage/rest/passkey/confirm-enroll;204;accepted;"{""devices"":[{""deviceName"":""reuse"",""credentialId"":""BIMPZo9rXf9RHgf5QCs43uYZgmmAJB8UIvtT12I8JTU"",""createdAt"":""2026-07-10T10:55:59.646Z""}]}";artifacts\hook-runs\atlassian.com\20260710T105516Z
2026-07-10T10:58:16.830313+00:00;battle.net;revoked-reregister;battle.net;none;preferred;required;TRUE;not-specified;-7|-257;;300000;ES256(-7);TRUE;;;;;UP,UV,AT;reused;/api/passkeys/register;200;accepted;"{""accountId"":1190261052,""credentialId"":""/5xwgYY6gKihCps28dtUOf/ea8TYa985nl2PFYOS9cM"",""publicKey"":""pQECAyYgASFYIM+EYpn3qizhhIzJ02Pe2i9vEb1Es7rOKwcqm70wiIzbIlggmrVDERWxJLha/L+OxAxm4tOXaY84uIz+Y1B44ZuvrXU"",""counter"":0,""createdTime"":""2026-07-10T10:58:09.784Z"",""lastUsedTime"":"""",""nickname"":""UNKNOWN"",""aaguid"":""00000000-0000-0000-0000-000000000000"",""lastUsedIpAddress"":null,""authenticatorInfo"":{""name"":""Unk…";artifacts\hook-runs\battle.net\20260710T105753Z
2026-07-10T11:02:42.018782+00:00;hatena.ne.jp;revoked-reregister;accounts.hatena.ne.jp;not-specified;not-specified;preferred;FALSE;not-specified;-7|-35|-36|-257|-258|-259|-37|-38|-39|-8;;300000;ES256(-7);TRUE;;;;;UP,UV,AT;reused;/settings/passkeys/create;204;accepted;"…""></script> <link rel=""stylesheet"" href=""/assets/main-pzjpB8cI.css"" /> <script> window.__INITIAL_STATE__ = {""Credentials"":[{""id"":""fjBGvMignao1L_Eo5sOsxpLy9Kb1fk7Cc6sSmkgnBac="",""name"":""FIDO U2F Security Key"",""userAgent"":""Mozilla/5.0 (Windows NT 10.0; Win64; x64) AppleWebKit/537.36 (KHTML, like Gecko) Chrome/150.0.0.0 Safari/537.36"",""createdAt"":""2026-07-10T11:02:36.8130539…";artifacts\hook-runs\hatena.ne.jp\20260710T110212Z
2026-07-10T11:04:30.914512+00:00;ui.com;revoked-reregister;ui.com;none;preferred;preferred;FALSE;not-specified;-7|-8|-36|-37|-38|-39|-257|-258|-259;;60000;ES256(-7);TRUE;;;;;UP,UV,AT;reused;/api/sso/v1/user/self/mfa/webauthn/bdef8d50-a736-4110-8000-3a98eb451b8a/verify;204;accepted;"{""authenticators"":[{""id"":""bdef8d50-a736-4110-8000-3a98eb451b8a"",""created"":""2026-07-10T11:04:20.242595Z"",""last_success"":null,""type"":""webauthn"",""status"":""pending"",""credential_id"":null,""authenticator_attachment"":null,""aaguid"":null,""name"":""__passkey__"",""provider_friendly_name"":""Passkey""},{""id"":""9d0e495e-950b-4732-89be-bf4d636c928e"",""created"":""2026-07-03T19:26:43.064860Z"",""last_success"":""2026-07-06T17:…";artifacts\hook-runs\ui.com\20260710T110410Z
2026-07-10T11:08:40.742119+00:00;strawberryhotels.com;revoked-reregister;www.strawberryhotels.com;none;required;required;FALSE;not-specified;-7|-8|-35|-36|-257|-258|-259;;30000;ES256(-7);TRUE;;;;;UP,UV,AT;reused;/passkey/complete-registration;200;accepted;"{""success"":true}";artifacts\hook-runs\strawberryhotels.com\20260710T110831Z
2026-07-10T11:13:13.682109+00:00;documentso.com;revoked-reregister;app.documenso.com;none;preferred;preferred;FALSE;not-specified;-8|-7|-257;;60000;ES256(-7);TRUE;;;;;UP,UV,AT;reused;/api/trpc/auth.passkey.create;200;accepted;"[{""result"":{""data"":{""json"":null,""meta"":{""values"":[""undefined""],""v"":1}}}}]";artifacts\hook-runs\documentso.com\20260710T111302Z
2026-07-10T11:14:22.143750+00:00;aero.zip;revoked-reregister;aero.zip;indirect;required;preferred;;not-specified;-7;;60000;ES256(-7);TRUE;;;;;UP,UV,AT;rejected;/user/passkey/save;500;rejected;"{""status"":""error"",""data"":{""type"":""generic"",""message"":""Internal server error""}}";artifacts\hook-runs\aero.zip\20260710T111350Z
2026-07-10T11:17:20.025314+00:00;transferwise.com;revoked-reregister;wise.com;none;required;required;TRUE;not-specified;-7|-8|-35|-36|-257|-258|-259;;30000;ES256(-7);TRUE;;;;;UP,UV,AT;reused;/gateway/v1/user/authentication/factors/passkey;200;accepted;"{""id"":27398510,""passkeyName"":""Passkey"",""providerName"":""Passkey"",""lastUsedAt"":""2026-07-10T11:17:11.173439Z"",""createdAt"":""2026-07-10T11:17:11.173439Z""}";artifacts\hook-runs\transferwise.com\20260710T111647Z
2026-07-10T11:19:47+00:00;trustworthy.com;revoked-reregister;;;;;;;;;;;;;;;;;reused;/u/mfa-webauthn-enrollment-success;302;accepted;"reused/revoked credential re-enrolled OK: hit /u/mfa-webauthn-enrollment-success (Auth0), landed home?settings=security; ceremony predated run.py so fab not in-scope";artifacts\hook-runs\trustworthy.com\20260710T111947Z
2026-07-10T11:26:05.183831+00:00;verifythisseal.com;revoked-reregister;verifythisseal.com;none;preferred;preferred;FALSE;cross-platform;-7|-257;;60000;ES256(-7);TRUE;;;;;UP,UV,AT;rejected;/my-account/passkeys/register/complete;400;rejected;"Complete registration failed: {""error"":""This passkey is already registered""} (user-passkeys.js:103) - RP tracks the credId and blocks the duplicate; CAVEAT: confirm the revoke actually removed it, else this is just still-registered not enforced-tracking";artifacts\hook-runs\verifythisseal.com\20260710T112529Z
2026-07-10T11:29:50.274048+00:00;zitadel.com;revoked-reregister;zitadel.com;none;required;not-specified;;not-specified;-7|-35|-36|-257|-258|-259|-37|-38|-39|-8;;300000;ES256(-7);TRUE;;;;;UP,UV,AT;reused;/login/passkey;200/500;accepted-unverifiable;"GRAY AREA (same as weak-crypto): reused credential enrolled to Ready but verification/assertion 500s (Could not verify passkey); enrolled-but-unusable";artifacts\hook-runs\zitadel.com\20260710T112915Z
2026-07-10T11:33:23.372720+00:00;ah.hl;revoked-reregister;ah.nl;direct;required;required;TRUE;not-specified;-7|-257;;;ES256(-7);TRUE;;;;;UP,UV,AT;reused;/gql;200;accepted;"{""data"":{""ciamPasskeyRegisterFinish"":{""result"":""SUCCESS"",""__typename"":""CiamPasskeyRegisterFinishMutationhResult""}}}";artifacts\hook-runs\ah.hl\20260710T113308Z
2026-07-10T11:35:00+00:00;openai.com;revoked-reregister;;;;;;;;;;;;;;;;;inconclusive;;;inconclusive;cannot delete the passkey (RP provides no deletion) -> revoke step impossible, reuse test not runnable;
2026-07-10T11:35:00+00:00;nerdfix.cz;revoked-reregister;;;;;;;;;;;;;;;;;rp-misconfig;;;rp-misconfig;rp.id=indian-tv.cz but origin nerdfix.cz (invalid rp.id, spec violation) - same as always, excluded;
2026-07-10T11:40:00+00:00;heroku.com;weak-crypto-e3;;;;;;;;;;;;;;;;;inconclusive;;;inconclusive;cannot log in to heroku account - test not runnable (no authenticated session);
2026-07-10T11:40:00+00:00;heroku.com;revoked-reregister;;;;;;;;;;;;;;;;;inconclusive;;;inconclusive;cannot log in to heroku account - test not runnable (no authenticated session);
