canonical_origin,etld1,enroll_url,cluster_size,snapshot_count,source
https://0pass.com,0pass.com,,1,0,community|community:fidoalliance.org|community:hideez.com|community:passkeyindex.io
https://101domain.com,101domain.com,,1,0,community|community:fidoalliance.org|community:hideez.com|community:passkeys.2stable.com
https://1040.com,1040.com,,1,0,community|community:passkeys.2stable.com
https://10web.io,10web.io,,1,0,community|community:passkeys.2stable.com
https://123-reg.co.uk,123-reg.co.uk,,1,0,community|community:2fa.directory
https://1password.com,1password.com,,1,0,community|community:2fa.directory|community:fidoalliance.org|community:hideez.com|community:passkeys-directory.dashlane.com|community:passkeys.2fa.directory|community:passkeys.2stable.com
https://3saf.com,3saf.com,,1,1,endpoints
https://aasavis.no,aasavis.no,,1,0,community
https://abanca.com,abanca.com,,1,0,community|community:fidoalliance.org|community:passkeyindex.io|community:passkeys-directory.dashlane.com
https://accounts.principal.com,principal.com,,2,1,webauthn|webauthn-related
https://activated.win,activated.win,,1,0,community
https://adafruit.com,adafruit.com,,1,0,community|community:2fa.directory|community:passkeys.2fa.directory
https://adidas.com,adidas.com,,1,0,community
https://adobe.com,adobe.com,https://account.adobe.com/security?addPasskey,2,1,community|community:enpass.io|community:fidoalliance.org|community:hideez.com|community:keepersecurity.com|community:passkeyindex.io|community:passkeys-directory.dashlane.com|community:passkeys.2fa.directory|community:passkeys.2stable.com|community:passkeys.com|community:passkeys.directory|community:passkeys.io|endpoints
https://aero.zip,aero.zip,,1,0,community|community:2fa.directory|community:passkeys-directory.dashlane.com|community:passkeys.2fa.directory
https://afasonline.nl,afasonline.nl,,1,0,community|community:keepersecurity.com|community:passkeys.2stable.com|community:passkeys.directory
https://affirm.com,affirm.com,,1,0,community|community:fidoalliance.org|community:keepersecurity.com|community:passkeyindex.io|community:passkeys-directory.dashlane.com|community:passkeys.2stable.com|community:passkeys.com|community:passkeys.directory|community:passkeys.io
https://aflac.com,aflac.com,,1,0,community|community:fidoalliance.org|community:passkeyindex.io|community:passkeys-directory.dashlane.com
https://afternic.com,afternic.com,,1,0,community|community:2fa.directory
https://agoda.com,agoda.com,,10,1,webauthn|webauthn-related
https://ah.nl,ah.nl,,1,0,community|community:keepersecurity.com|community:passkeys.2stable.com|community:passkeys.com|community:passkeys.directory
https://aha.io,aha.io,,1,0,community|community:2fa.directory|community:passkeys.2fa.directory|community:passkeys.2stable.com
https://ahrefs.com,ahrefs.com,,1,0,community|community:passkeys.directory
https://airasia.com,airasia.com,,1,0,community|community:passkeys.2fa.directory|community:passkeys.2stable.com
https://airnewzealand.com,airnewzealand.com,,1,0,community|community:enpass.io|community:fidoalliance.org|community:keepersecurity.com|community:passkeyindex.io|community:passkeys-directory.dashlane.com|community:passkeys.2stable.com|community:passkeys.com|community:passkeys.directory
https://akersposten.no,akersposten.no,,1,0,community
https://alezz-oud.com,alezz-oud.com,,1,1,endpoints
https://aliexpress.com,aliexpress.com,,73,1,community|community:passkeys.2fa.directory|webauthn|webauthn-related
https://allianz.com,allianz.com,,1,0,community
https://allspice.io,allspice.io,,1,0,community
https://almalinux.org,almalinux.org,,1,0,community
https://alt.no,alt.no,,1,0,community
https://alterware.dev,alterware.dev,,1,0,community
https://amazon.it,amazon.it,,60,1,community|community:2fa.directory|community:enpass.io|community:fidoalliance.org|community:hideez.com|community:keepersecurity.com|community:passkeyindex.io|community:passkeys-directory.dashlane.com|community:passkeys.2fa.directory|community:passkeys.2stable.com|community:passkeys.com|community:passkeys.directory|community:passkeys.io|webauthn|webauthn-related
https://amazonaws.cn,amazonaws.cn,,1,0,community
https://amboss.com,amboss.com,,1,0,community
https://amedia.no,amedia.no,,1,0,community
https://amta.no,amta.no,,1,0,community
https://ankiweb.net,ankiweb.net,,1,0,community|community:keepersecurity.com|community:passkeys.2stable.com|community:passkeys.com|community:passkeys.directory
https://apexnetwork.co,apexnetwork.co,,1,0,community
https://api.no,api.no,,1,0,community
https://arbeitsagentur.de,arbeitsagentur.de,,1,0,community|community:keepersecurity.com|community:passkeys.2fa.directory|community:passkeys.2stable.com|community:passkeys.directory
https://arca.live,arca.live,,1,0,community|community:enpass.io|community:keepersecurity.com|community:passkeys.2stable.com|community:passkeys.com|community:passkeys.directory
https://armstrong.bank,armstrong.bank,,1,0,community|community:keepersecurity.com|community:passkeys.2stable.com|community:passkeys.com|community:passkeys.directory
https://arpari.com,arpari.com,,1,0,community|community:enpass.io|community:keepersecurity.com|community:passkeyindex.io|community:passkeys-directory.dashlane.com|community:passkeys.2stable.com|community:passkeys.com|community:passkeys.directory
https://astralium.su,astralium.su,,1,0,community
https://asu.edu,asu.edu,,1,0,community|community:2fa.directory|community:passkeys.2fa.directory|community:passkeys.2stable.com
https://atlasbus.by,atlasbus.by,,3,1,webauthn|webauthn-related
https://atlassian.com,atlassian.com,,1,0,community|community:2fa.directory|community:hideez.com|community:passkeys.2fa.directory|community:passkeys.directory
https://auone.jp,auone.jp,,1,0,community|community:keepersecurity.com|community:passkeys.2stable.com|community:passkeys.directory
https://austagderblad.no,austagderblad.no,,1,0,community
https://auth.aib.ie,aib.ie,,3,1,webauthn|webauthn-related
https://auth.wyze.com,wyze.com,,2,1,webauthn|webauthn-related
https://auth0.com,auth0.com,,1,0,community|community:2fa.directory|community:hideez.com|community:passkeys.2fa.directory
https://authgear.com,authgear.com,,1,0,community|community:enpass.io|community:keepersecurity.com|community:passkeyindex.io|community:passkeys-directory.dashlane.com|community:passkeys.2stable.com|community:passkeys.directory
https://authsignal.com,authsignal.com,,1,0,community|community:hideez.com|community:keepersecurity.com|community:passkeys-directory.dashlane.com|community:passkeys.2stable.com|community:passkeys.directory
https://avisa-hordaland.no,avisa-hordaland.no,,1,0,community
https://avisa-valdres.no,avisa-valdres.no,,1,0,community
https://avisagaula.no,avisagaula.no,,1,0,community
https://avisenagder.no,avisenagder.no,,1,0,community
https://axenov.dev,axenov.dev,,1,0,community
https://bandit.events,bandit.events,,1,0,community
https://bankatfirst.com,bankatfirst.com,,1,0,community|community:keepersecurity.com|community:passkeys.2stable.com|community:passkeys.com|community:passkeys.directory
https://basecamp.com,basecamp.com,,1,0,community|community:2fa.directory|community:hideez.com|community:passkeys.2fa.directory
https://basewallet.co,basewallet.co,,1,0,community
https://basicattentiontoken.org,basicattentiontoken.org,,1,0,community|community:2fa.directory|community:passkeys.2fa.directory
https://battle.net,battle.net,,1,0,community|community:passkeys.directory
https://bbn.music,bbn.music,,1,0,community
https://beget.com,beget.com,,1,0,community
https://berkeley.edu,berkeley.edu,,1,0,community|community:2fa.directory|community:passkeys.2fa.directory|community:passkeys.2stable.com
https://bestbuy.com,bestbuy.com,,1,0,community|community:enpass.io|community:fidoalliance.org|community:keepersecurity.com|community:passkeyindex.io|community:passkeys-directory.dashlane.com|community:passkeys.2fa.directory|community:passkeys.2stable.com|community:passkeys.com|community:passkeys.directory|community:passkeys.io
https://beyondidentity.com,beyondidentity.com,,1,0,community|community:enpass.io|community:hideez.com|community:keepersecurity.com|community:passkeyindex.io|community:passkeys-directory.dashlane.com|community:passkeys.2stable.com|community:passkeys.directory
https://billgenerator.in,billgenerator.in,,1,0,community
https://binance.com,binance.com,,1,0,community|community:2fa.directory|community:enpass.io|community:fidoalliance.org|community:hideez.com|community:keepersecurity.com|community:passkeyindex.io|community:passkeys-directory.dashlane.com|community:passkeys.2fa.directory|community:passkeys.2stable.com|community:passkeys.com|community:passkeys.directory
https://bitbank.cc,bitbank.cc,,1,0,community|community:passkeyindex.io
https://bitfinex.com,bitfinex.com,,1,0,community|community:2fa.directory|community:hideez.com|community:passkeys.2fa.directory
https://bitfire.tv,bitfire.tv,,1,0,community
https://bitgo.com,bitgo.com,,1,0,community|community:2fa.directory|community:passkeys.2fa.directory
https://bitwarden.com,bitwarden.com,,1,0,community|community:2fa.directory|community:fidoalliance.org|community:hideez.com|community:keepersecurity.com|community:passkeyindex.io|community:passkeys.2fa.directory|community:passkeys.2stable.com|community:passkeys.directory|community:passkeys.io
https://blender.org,blender.org,,1,0,community
https://blueocean.law,blueocean.law,,1,0,community|community:fidoalliance.org|community:passkeyindex.io
https://bmw.com,bmw.com,,1,0,community|community:fidoalliance.org|community:hideez.com|community:keepersecurity.com|community:passkeyindex.io|community:passkeys-directory.dashlane.com|community:passkeys.2stable.com|community:passkeys.com|community:passkeys.directory
https://bodonu.no,bodonu.no,,1,0,community
https://bolt.eu,bolt.eu,,1,0,community|community:hideez.com|community:keepersecurity.com|community:passkeys-directory.dashlane.com|community:passkeys.2fa.directory|community:passkeys.2stable.com|community:passkeys.directory|community:passkeys.io
https://bondebladet.no,bondebladet.no,,1,0,community
https://bookmyname.com,bookmyname.com,,1,0,community|community:passkeys-directory.dashlane.com
https://boolers.co.uk,boolers.co.uk,,1,0,community
https://boursobank.com,boursobank.com,,1,0,community|community:passkeyindex.io|community:passkeys-directory.dashlane.com
https://boursorama.com,boursorama.com,,1,0,community|community:enpass.io|community:fidoalliance.org|community:keepersecurity.com|community:passkeyindex.io|community:passkeys.2fa.directory|community:passkeys.2stable.com|community:passkeys.com|community:passkeys.directory
https://braintreepayments.com,braintreepayments.com,,1,0,community|community:2fa.directory|community:passkeys.2fa.directory
https://braunhousehold.com,braunhousehold.com,,1,0,community|community:passkeyindex.io|community:passkeys.2fa.directory|community:passkeys.2stable.com
https://breadfinancial.com,breadfinancial.com,,1,0,community|community:keepersecurity.com|community:passkeys.2stable.com|community:passkeys.com|community:passkeys.directory
https://bridgecrest.com,bridgecrest.com,,1,0,community|community:enpass.io|community:fidoalliance.org|community:keepersecurity.com|community:passkeyindex.io|community:passkeys-directory.dashlane.com|community:passkeys.2fa.directory|community:passkeys.2stable.com|community:passkeys.com|community:passkeys.directory
https://britishairways.com,britishairways.com,,1,0,community|community:2fa.directory
https://brukerportal.no,brukerportal.no,,1,0,community
https://btcmap.org,btcmap.org,,1,0,community
https://bu.edu,bu.edu,,2,1,community|community:2fa.directory|community:passkeys.2fa.directory|community:passkeys.2stable.com|endpoints
https://bubbletea.dev,bubbletea.dev,,1,0,community
https://bumble.com,bumble.com,,1,0,community|community:passkeys.2fa.directory|community:passkeys.2stable.com
https://bygdeposten.no,bygdeposten.no,,1,0,community
https://byu.edu,byu.edu,,1,0,community|community:2fa.directory|community:passkeys.2fa.directory
https://calpoly.edu,calpoly.edu,,1,0,community|community:2fa.directory|community:passkeys.2fa.directory|community:passkeys.2stable.com
https://canadiantire.ca,canadiantire.ca,,1,0,community|community:passkeys.2fa.directory
https://canva-dev.com,canva-dev.com,,1,0,community
https://canva-staging.cn,canva-staging.cn,,1,0,community
https://canva.com,canva.com,https://www.canva.com/settings/login-and-security,2,1,community|community:keepersecurity.com|community:passkeys.2fa.directory|community:passkeys.2stable.com|community:passkeys.directory|endpoints
https://capecodfive.com,capecodfive.com,,1,0,community|community:enpass.io|community:fidoalliance.org|community:keepersecurity.com|community:passkeyindex.io|community:passkeys.2stable.com|community:passkeys.com|community:passkeys.directory
https://cardpointers.com,cardpointers.com,,1,0,community|community:enpass.io|community:fidoalliance.org|community:keepersecurity.com|community:passkeyindex.io|community:passkeys-directory.dashlane.com|community:passkeys.2stable.com|community:passkeys.com|community:passkeys.directory
https://caremark.com,caremark.com,,1,0,community|community:enpass.io|community:fidoalliance.org|community:keepersecurity.com|community:passkeyindex.io|community:passkeys.2fa.directory|community:passkeys.2stable.com|community:passkeys.com|community:passkeys.directory
https://carnival.com,carnival.com,,1,0,community|community:fidoalliance.org|community:keepersecurity.com|community:passkeyindex.io|community:passkeys-directory.dashlane.com|community:passkeys.2fa.directory|community:passkeys.2stable.com
https://carta.com,carta.com,,1,0,community|community:passkeys-directory.dashlane.com
https://carvel.li,carvel.li,,1,0,community
https://cavemanon.xyz,cavemanon.xyz,,1,0,community
https://cdm-project.com,cdm-project.com,,1,0,community
https://chekspend.com,chekspend.com,,1,0,community|community:keepersecurity.com|community:passkeys.2stable.com|community:passkeys.com|community:passkeys.directory
https://citi.com,citi.com,,1,0,community|community:fidoalliance.org|community:passkeyindex.io
https://citrix.com,citrix.com,,1,0,community|community:fidoalliance.org|community:hideez.com|community:passkeyindex.io
https://classlink.com,classlink.com,,1,0,community|community:2fa.directory|community:passkeys.2fa.directory
https://clemson.edu,clemson.edu,,1,0,community|community:2fa.directory|community:passkeys.2fa.directory|community:passkeys.2stable.com
https://cloud66.com,cloud66.com,,1,0,community|community:2fa.directory|community:passkeys.2fa.directory
https://cloudflare.com,cloudflare.com,,1,0,community|community:2fa.directory|community:fidoalliance.org|community:hideez.com|community:keepersecurity.com|community:passkeyindex.io|community:passkeys-directory.dashlane.com|community:passkeys.2fa.directory|community:passkeys.2stable.com|community:passkeys.directory
https://cloze.com,cloze.com,,1,0,community|community:keepersecurity.com|community:passkeys.2fa.directory|community:passkeys.2stable.com|community:passkeys.com|community:passkeys.directory
https://cmu.edu,cmu.edu,,1,0,community|community:2fa.directory|community:passkeys.2fa.directory|community:passkeys.2stable.com
https://coca.xyz,coca.xyz,,1,0,community
https://codeberg.org,codeberg.org,,1,0,community|community:2fa.directory|community:passkeys.2fa.directory
https://codere.mx,codere.mx,,6,1,community|webauthn|webauthn-related
https://coinbase.com,coinbase.com,https://accounts.coinbase.com/security/settings,2,1,community|community:2fa.directory|community:enpass.io|community:fidoalliance.org|community:hideez.com|community:keepersecurity.com|community:passkeyindex.io|community:passkeys-directory.dashlane.com|community:passkeys.2fa.directory|community:passkeys.2stable.com|community:passkeys.com|community:passkeys.directory|community:passkeys.io|endpoints
https://colisexpat.com,colisexpat.com,,1,0,community
https://colorado.edu,colorado.edu,,1,0,community|community:2fa.directory
https://columbia.edu,columbia.edu,,1,0,community|community:2fa.directory
https://commercebank.com,commercebank.com,,1,0,community
https://computerbase.de,computerbase.de,,1,0,community|community:keepersecurity.com|community:passkeys.2stable.com|community:passkeys.com|community:passkeys.directory
https://connectabil.com,connectabil.com,,1,0,community
https://coolaj86.com,coolaj86.com,,1,0,community
https://coom.tech,coom.tech,,1,0,community
https://corbado.com,corbado.com,,1,0,community|community:enpass.io|community:fidoalliance.org|community:keepersecurity.com|community:passkeyindex.io|community:passkeys-directory.dashlane.com|community:passkeys.2stable.com|community:passkeys.directory
https://corelab.com,corelab.com,,1,0,community
https://cornell.edu,cornell.edu,,1,0,community|community:2fa.directory|community:passkeys.2fa.directory|community:passkeys.2stable.com
https://costco.ca,costco.ca,,1,0,community|community:passkeyindex.io|community:passkeys.2stable.com|community:passkeys.directory
https://coveto.de,coveto.de,,1,0,community|community:keepersecurity.com|community:passkeys.2stable.com|community:passkeys.com|community:passkeys.directory
https://cpoms.co.uk,cpoms.co.uk,,1,0,community|community:2fa.directory
https://cpp.edu,cpp.edu,,1,0,community|community:2fa.directory|community:passkeys.2fa.directory
https://crowdin.com,crowdin.com,,1,0,community|community:2fa.directory|community:enpass.io|community:keepersecurity.com|community:passkeys-directory.dashlane.com|community:passkeys.2fa.directory|community:passkeys.2stable.com|community:passkeys.com|community:passkeys.directory
https://crowdsupply.com,crowdsupply.com,,1,0,community|community:2fa.directory|community:passkeys.2fa.directory
https://crownaudit.org,crownaudit.org,,1,0,community|community:keepersecurity.com|community:passkeys.2stable.com|community:passkeys.directory
https://customerping.ai,customerping.ai,,1,0,community|community:keepersecurity.com|community:passkeys.2stable.com|community:passkeys.com|community:passkeys.directory
https://cutx.org,cutx.org,,1,0,community|community:enpass.io|community:fidoalliance.org|community:keepersecurity.com|community:passkeyindex.io|community:passkeys-directory.dashlane.com|community:passkeys.2stable.com|community:passkeys.com|community:passkeys.directory
https://cvsspecialty.com,cvsspecialty.com,,1,0,community|community:keepersecurity.com|community:passkeys.2stable.com|community:passkeys.com|community:passkeys.directory
https://cyberark.com,cyberark.com,,1,0,community|community:fidoalliance.org|community:hideez.com|community:passkeyindex.io
https://datapacket.com,datapacket.com,,1,0,community|community:enpass.io|community:keepersecurity.com|community:passkeys.2stable.com|community:passkeys.com|community:passkeys.directory
https://deakin.edu.au,deakin.edu.au,,1,0,community|community:2fa.directory|community:passkeys.2fa.directory
https://delinea.com,delinea.com,,1,0,community|community:2fa.directory|community:hideez.com|community:passkeys.2fa.directory
https://dell.com,dell.com,,1,0,community|community:passkeys.directory
https://devolutions.com,devolutions.com,,1,0,community|community:fidoalliance.org|community:keepersecurity.com|community:passkeys.2stable.com|community:passkeys.com|community:passkeys.directory
https://dext.com,dext.com,,1,0,community|community:keepersecurity.com|community:passkeys.2stable.com|community:passkeys.directory
https://digistorage.es,digistorage.es,,1,0,community
https://dilats.com,dilats.com,,1,0,community
https://dimo.org,dimo.org,,1,0,community
https://dinero.dk,dinero.dk,,1,0,community|community:2fa.directory|community:enpass.io|community:fidoalliance.org|community:keepersecurity.com|community:passkeyindex.io|community:passkeys-directory.dashlane.com|community:passkeys.2fa.directory|community:passkeys.2stable.com|community:passkeys.com|community:passkeys.directory
https://discord.com,discord.com,,1,0,community|community:2fa.directory|community:fidoalliance.org|community:hideez.com|community:keepersecurity.com|community:passkeyindex.io|community:passkeys-directory.dashlane.com|community:passkeys.2stable.com|community:passkeys.com|community:passkeys.directory|community:passkeys.io
https://discourse.org,discourse.org,,1,0,community|community:enpass.io|community:keepersecurity.com|community:passkeyindex.io|community:passkeys.2stable.com|community:passkeys.com|community:passkeys.directory|community:passkeys.io
https://dmarcian.com,dmarcian.com,,1,0,community|community:2fa.directory|community:passkeys.2fa.directory
https://dmin.pro,dmin.pro,,1,0,community
https://dnsimple.com,dnsimple.com,,1,0,community|community:2fa.directory|community:hideez.com|community:passkeys.2fa.directory
https://docomo.ne.jp,docomo.ne.jp,,1,0,community|community:enpass.io|community:fidoalliance.org|community:keepersecurity.com|community:passkeyindex.io|community:passkeys-directory.dashlane.com|community:passkeys.2stable.com|community:passkeys.com|community:passkeys.directory
https://documenso.com,documenso.com,,1,0,community|community:keepersecurity.com|community:passkeys.2stable.com|community:passkeys.com|community:passkeys.directory
https://docusign.com,docusign.com,https://account.docusign.com/me/privacy-security,2,1,community|community:enpass.io|community:fidoalliance.org|community:hideez.com|community:keepersecurity.com|community:passkeyindex.io|community:passkeys-directory.dashlane.com|community:passkeys.2fa.directory|community:passkeys.2stable.com|community:passkeys.com|community:passkeys.directory|endpoints
https://door43.org,door43.org,,1,0,community
https://doppler.com,doppler.com,,1,0,community|community:2fa.directory|community:passkeys.2fa.directory
https://drmlab.io,drmlab.io,,1,0,community
https://dropbox.com,dropbox.com,https://www.dropbox.com/account/security,3,1,community|community:2fa.directory|community:enpass.io|community:fidoalliance.org|community:hideez.com|community:keepersecurity.com|community:passkeyindex.io|community:passkeys.2fa.directory|community:passkeys.directory|endpoints
https://duke.edu,duke.edu,,1,0,community|community:keepersecurity.com|community:passkeys.2fa.directory|community:passkeys.2stable.com|community:passkeys.com|community:passkeys.directory
https://dynadot.com,dynadot.com,,1,0,community|community:2fa.directory|community:passkeys.2fa.directory
https://ebay.com,ebay.com,https://accounts.ebay.com/acctsec/manage/passkeys/create,11,1,community|community:enpass.io|community:fidoalliance.org|community:hideez.com|community:keepersecurity.com|community:passkeyindex.io|community:passkeys-directory.dashlane.com|community:passkeys.2fa.directory|community:passkeys.2stable.com|community:passkeys.com|community:passkeys.directory|community:passkeys.io|endpoints
https://eduid.ch,eduid.ch,,1,0,community|community:keepersecurity.com|community:passkeys.2stable.com|community:passkeys.directory
https://ee.co.uk,ee.co.uk,,1,0,community|community:passkeys.2stable.com|community:passkeys.directory
https://eikerbladet.no,eikerbladet.no,,1,0,community
https://enclave.money,enclave.money,,1,0,community
https://enebakkavis.no,enebakkavis.no,,1,0,community
https://ente.io,ente.io,,1,0,community|community:passkeyindex.io|community:passkeys.directory
https://epayslips.co.uk,epayslips.co.uk,,1,0,community|community:2fa.directory|community:passkeys.2fa.directory
https://erau.edu,erau.edu,,1,0,community|community:2fa.directory|community:passkeys.2fa.directory|community:passkeys.2stable.com
https://eslgaming.com,eslgaming.com,,2,0,community|community:2fa.directory|community:enpass.io|community:keepersecurity.com|community:passkeys.2fa.directory|community:passkeys.2stable.com|community:passkeys.com|community:passkeys.directory
https://eub.no,eub.no,,1,0,community
https://europa.eu,europa.eu,,1,0,community|community:2fa.directory|community:passkeys.2fa.directory|community:passkeys.2stable.com
https://example.com,example.com,,1,0,community|community:passkeys.2stable.com
https://facebook.com,facebook.com,,133,1,webauthn|webauthn-related
https://fairfaxcounty.gov,fairfaxcounty.gov,,1,0,community|community:passkeys.2stable.com|community:passkeys.com|community:passkeys.directory
https://fanaposten.no,fanaposten.no,,1,0,community
https://fastex.com,fastex.com,,1,0,community
https://fastexus.com,fastexus.com,,1,0,community
https://fastmail.com,fastmail.com,,1,0,community|community:2fa.directory|community:fidoalliance.org|community:hideez.com|community:keepersecurity.com|community:passkeyindex.io|community:passkeys.2fa.directory|community:passkeys.2stable.com|community:passkeys.com|community:passkeys.directory
https://files.com,files.com,,1,0,community|community:2fa.directory|community:passkeys.2fa.directory
https://finnmarkdagblad.no,finnmarkdagblad.no,,1,0,community
https://finnmarkdebatten.no,finnmarkdebatten.no,,1,0,community
https://finnmarksposten.no,finnmarksposten.no,,1,0,community
https://finom.co,finom.co,,1,0,community|community:enpass.io|community:keepersecurity.com|community:passkeys-directory.dashlane.com|community:passkeys.2stable.com|community:passkeys.com|community:passkeys.directory
https://fintual.cl,fintual.cl,,1,0,community|community:keepersecurity.com|community:passkeys.2stable.com|community:passkeys.directory
https://firdaposten.no,firdaposten.no,,1,0,community
https://fireportal.cz,fireportal.cz,,1,0,community
https://fleeps.co,fleeps.co,,1,0,community|community:enpass.io|community:fidoalliance.org|community:keepersecurity.com|community:passkeyindex.io|community:passkeys-directory.dashlane.com|community:passkeys.2stable.com|community:passkeys.com|community:passkeys.directory
https://flightschoolbooking.com,flightschoolbooking.com,,1,0,community
https://flux.nl,flux.nl,,1,0,community
https://forgejo.org,forgejo.org,,1,0,community|community:passkeyindex.io
https://forgerock.com,forgerock.com,,1,0,community
https://formx.ai,formx.ai,,1,0,community|community:enpass.io|community:keepersecurity.com|community:passkeyindex.io|community:passkeys-directory.dashlane.com|community:passkeys.2stable.com|community:passkeys.com|community:passkeys.directory
https://fortrade.com,fortrade.com,,1,0,community
https://forwardemail.net,forwardemail.net,,1,0,community|community:keepersecurity.com|community:passkeys.2stable.com|community:passkeys.com|community:passkeys.directory
https://fragdenstaat.de,fragdenstaat.de,,1,0,community|community:2fa.directory|community:enpass.io|community:passkeys.2fa.directory
https://fragrance.moe,fragrance.moe,,1,0,community
https://freeprints.com,freeprints.com,,1,0,community|community:enpass.io|community:keepersecurity.com|community:passkeys.2stable.com|community:passkeys.com|community:passkeys.directory
https://freetaxusa.com,freetaxusa.com,https://auth.freetaxusa.com/passkey,3,1,community|community:keepersecurity.com|community:passkeys.2stable.com|community:passkeys.directory|endpoints
https://frohnmeyer-wds.de,frohnmeyer-wds.de,,1,0,community
https://frontegg.com,frontegg.com,,1,0,community|community:passkeys-directory.dashlane.com
https://frostingen.no,frostingen.no,,1,0,community
https://fusionauth.io,fusionauth.io,,1,0,community|community:enpass.io|community:keepersecurity.com|community:passkeys-directory.dashlane.com|community:passkeys.2fa.directory|community:passkeys.2stable.com|community:passkeys.directory
https://gameindy.com,gameindy.com,,1,0,community
https://gandi.net,gandi.net,,1,0,community|community:2fa.directory|community:passkeys.2fa.directory
https://gatech.edu,gatech.edu,,1,0,community|community:2fa.directory|community:passkeys.2fa.directory|community:passkeys.2stable.com
https://gbnett.no,gbnett.no,,1,0,community
https://gemini.com,gemini.com,,1,0,community|community:2fa.directory|community:fidoalliance.org|community:hideez.com|community:keepersecurity.com|community:passkeyindex.io|community:passkeys.2fa.directory|community:passkeys.2stable.com|community:passkeys.com|community:passkeys.directory
https://georgetown.edu,georgetown.edu,,1,0,community|community:2fa.directory
https://getadmiral.com,getadmiral.com,,1,0,community
https://getextendly.com,getextendly.com,,1,0,community
https://getprismm.com,getprismm.com,,1,0,community|community:keepersecurity.com|community:passkeys.2stable.com|community:passkeys.directory
https://ggpass.com,ggpass.com,,153,1,webauthn|webauthn-related
https://gitea.com,gitea.com,,1,0,community|community:passkeyindex.io
https://github.com,github.com,,1,0,community|community:2fa.directory|community:enpass.io|community:fidoalliance.org|community:hideez.com|community:keepersecurity.com|community:passkeyindex.io|community:passkeys-directory.dashlane.com|community:passkeys.2fa.directory|community:passkeys.2stable.com|community:passkeys.com|community:passkeys.directory|community:passkeys.io
https://gitlab.com,gitlab.com,,1,0,community|community:2fa.directory|community:fidoalliance.org|community:hideez.com|community:keepersecurity.com|community:passkeyindex.io|community:passkeys-directory.dashlane.com|community:passkeys.2fa.directory|community:passkeys.2stable.com|community:passkeys.directory
https://gjengangeren.no,gjengangeren.no,,1,0,community
https://glauca.digital,glauca.digital,,1,0,community|community:keepersecurity.com|community:passkeys.2stable.com|community:passkeys.directory
https://gmod-integration.com,gmod-integration.com,,1,0,community
https://goauthentik.io,goauthentik.io,,1,0,community|community:passkeyindex.io
https://godaddy.com,godaddy.com,,1,0,community|community:2fa.directory|community:fidoalliance.org|community:hideez.com|community:passkeyindex.io|community:passkeys-directory.dashlane.com|community:passkeys.2fa.directory|community:passkeys.2stable.com|community:passkeys.directory
https://goteleport.com,goteleport.com,,1,0,community|community:2fa.directory|community:hideez.com|community:passkeys.2fa.directory
https://grab.com,grab.com,,1,0,community|community:keepersecurity.com|community:passkeys-directory.dashlane.com|community:passkeys.2fa.directory|community:passkeys.2stable.com|community:passkeys.directory
https://guildofwriters.org,guildofwriters.org,,1,0,community
https://hadeland.no,hadeland.no,,1,0,community
https://haeppie.com,haeppie.com,,1,0,community|community:enpass.io|community:fidoalliance.org|community:keepersecurity.com|community:passkeyindex.io|community:passkeys-directory.dashlane.com|community:passkeys.2stable.com|community:passkeys.com|community:passkeys.directory
https://hammerfestingen.no,hammerfestingen.no,,1,0,community
https://hancock.ink,hancock.ink,,1,0,community|community:enpass.io|community:fidoalliance.org|community:hideez.com|community:keepersecurity.com|community:passkeyindex.io|community:passkeys.2stable.com|community:passkeys.com|community:passkeys.directory|community:passkeys.io
https://hanko.io,hanko.io,,1,0,community|community:enpass.io|community:hideez.com|community:keepersecurity.com|community:passkeyindex.io|community:passkeys-directory.dashlane.com|community:passkeys.2stable.com|community:passkeys.directory|community:passkeys.io
https://hardanger-folkeblad.no,hardanger-folkeblad.no,,1,0,community
https://hardwax.com,hardwax.com,,1,0,community|community:enpass.io|community:keepersecurity.com|community:passkeys.2stable.com|community:passkeys.com|community:passkeys.directory
https://hartex.in,hartex.in,,1,0,community
https://harvard.edu,harvard.edu,,1,0,community|community:2fa.directory|community:passkeys.2fa.directory|community:passkeys.2stable.com
https://hatena.ne.jp,hatena.ne.jp,,1,0,community|community:keepersecurity.com|community:passkeys.2stable.com|community:passkeys.com|community:passkeys.directory
https://haveibeenpwned.com,haveibeenpwned.com,,1,0,community|community:passkeys.directory
https://havenandhearth.com,havenandhearth.com,,1,0,community
https://hawksmoorim.co.uk,hawksmoorim.co.uk,,1,0,community
https://hcaptcha.com,hcaptcha.com,,1,0,community|community:2fa.directory|community:keepersecurity.com|community:passkeys-directory.dashlane.com|community:passkeys.2fa.directory|community:passkeys.2stable.com|community:passkeys.directory
https://headway.co,headway.co,,1,0,community|community:2fa.directory|community:enpass.io
https://heexy.org,heexy.org,,1,0,community|community:keepersecurity.com|community:passkeys.2stable.com|community:passkeys.directory
https://helg.no,helg.no,,1,0,community
https://helsana.ch,helsana.ch,,1,0,community|community:passkeys.2stable.com|community:passkeys.directory
https://heroku.com,heroku.com,,2,0,community|community:2fa.directory|community:enpass.io|community:fidoalliance.org|community:hideez.com|community:keepersecurity.com|community:passkeyindex.io|community:passkeys.2fa.directory
https://hey.com,hey.com,,1,0,community|community:2fa.directory|community:enpass.io|community:hideez.com|community:passkeys.2fa.directory
https://high-mobility.com,high-mobility.com,,1,0,community|community:keepersecurity.com|community:passkeys.2stable.com|community:passkeys.directory
https://hika.fyi,hika.fyi,,1,0,community
https://hmc.edu,hmc.edu,,1,0,community|community:2fa.directory|community:passkeys.2fa.directory|community:passkeys.2stable.com
https://home-assistant.io,home-assistant.io,,1,0,community|community:keepersecurity.com|community:passkeys.com|community:passkeys.directory
https://homedepot.com,homedepot.com,,1,0,community|community:fidoalliance.org|community:keepersecurity.com|community:passkeyindex.io|community:passkeys-directory.dashlane.com|community:passkeys.2fa.directory|community:passkeys.2stable.com|community:passkeys.com|community:passkeys.directory
https://horizon.pics,horizon.pics,,1,0,community|community:fidoalliance.org|community:keepersecurity.com|community:passkeyindex.io|community:passkeys-directory.dashlane.com|community:passkeys.2stable.com|community:passkeys.com|community:passkeys.directory
https://hpe.com,hpe.com,,1,0,community|community:2fa.directory|community:enpass.io
https://hubspot.com,hubspot.com,,1,0,community|community:keepersecurity.com|community:passkeys-directory.dashlane.com|community:passkeys.2stable.com|community:passkeys.directory
https://huk.de,huk.de,,8,1,community|webauthn|webauthn-related
https://hyatt.com,hyatt.com,,1,0,community|community:enpass.io|community:fidoalliance.org|community:keepersecurity.com|community:passkeyindex.io|community:passkeys-directory.dashlane.com|community:passkeys.2fa.directory|community:passkeys.2stable.com|community:passkeys.com|community:passkeys.directory
https://hypixel.net,hypixel.net,,1,0,community|community:2fa.directory
https://ibm.com,ibm.com,,1,0,community|community:2fa.directory|community:fidoalliance.org|community:hideez.com|community:passkeyindex.io|community:passkeys.2fa.directory|community:passkeys.2stable.com
https://ic0.app,ic0.app,,1,0,community
https://icedrive.net,icedrive.net,,1,0,community|community:2fa.directory|community:passkeys.2fa.directory
https://icloud.com,icloud.com,,1,0,community|community:2fa.directory|community:enpass.io|community:hideez.com|community:keepersecurity.com|community:passkeys-directory.dashlane.com|community:passkeys.2fa.directory|community:passkeys.2stable.com|community:passkeys.com|community:passkeys.directory|community:passkeys.io
https://id.me,id.me,,1,0,community|community:2fa.directory|community:hideez.com|community:passkeys.2fa.directory|community:passkeys.2stable.com|community:passkeys.directory
https://iharstad.no,iharstad.no,,1,0,community
https://ilam.ac.ir,ilam.ac.ir,,1,0,community
https://ilevanger.no,ilevanger.no,,1,0,community
https://imo.im,imo.im,,1,0,community|community:fidoalliance.org|community:passkeyindex.io
https://indeed.com,indeed.com,,1,0,community|community:passkeys.2stable.com|community:passkeys.directory
https://inderoyningen.no,inderoyningen.no,,1,0,community
https://indre.no,indre.no,,1,0,community
https://ing.pl,ing.pl,,1,0,community|community:2fa.directory|community:passkeys.2fa.directory|community:passkeys.2stable.com
https://instacard.co,instacard.co,,1,0,community|community:passkeys.io
https://instacart.com,instacart.com,,1,0,community|community:enpass.io|community:fidoalliance.org|community:keepersecurity.com|community:passkeyindex.io|community:passkeys.2fa.directory|community:passkeys.2stable.com|community:passkeys.com|community:passkeys.directory
https://instructui.com,instructui.com,,1,0,community
https://intastellaraccounts.com,intastellaraccounts.com,,1,0,community|community:keepersecurity.com|community:passkeys.2stable.com|community:passkeys.com|community:passkeys.directory
https://internetcomputer.org,internetcomputer.org,,1,0,community
https://intuit.com,intuit.com,https://accounts.intuit.com/app/account-manager/security/passkey,5,1,community|community:passkeys-directory.dashlane.com|endpoints|webauthn|webauthn-related
https://irs.gov,irs.gov,,1,0,community|community:2fa.directory|community:passkeys.2fa.directory
https://isandnessjoen.no,isandnessjoen.no,,1,0,community
https://islonline.com,islonline.com,,1,0,community|community:2fa.directory|community:hideez.com|community:passkeys.2fa.directory
https://iut-fbleau.fr,iut-fbleau.fr,,1,0,community
https://iverdal.no,iverdal.no,,1,0,community
https://ivoclar.com,ivoclar.com,,1,0,community|community:passkeys-directory.dashlane.com
https://jarlsbergavis.no,jarlsbergavis.no,,1,0,community
https://javablade.com,javablade.com,,1,0,community
https://jellypro.xyz,jellypro.xyz,,1,0,community
https://jobs.employmenthero.com,employmenthero.com,,2,1,webauthn|webauthn-related
https://joinmastodon.org,joinmastodon.org,,1,0,community|community:enpass.io
https://julep.ai,julep.ai,,1,0,community
https://jumpcloud.com,jumpcloud.com,,1,0,community|community:2fa.directory|community:hideez.com|community:passkeys.2fa.directory
https://justpass.me,justpass.me,,1,0,community|community:passkeys-directory.dashlane.com
https://kakaocorp.com,kakaocorp.com,,1,0,community|community:keepersecurity.com|community:passkeys.2stable.com|community:passkeys.directory
https://kamkow1lair.pl,kamkow1lair.pl,,1,0,community
https://karmoynytt.no,karmoynytt.no,,1,0,community
https://karvononline.uz,karvononline.uz,,1,0,community
https://katipolt.com,katipolt.com,,1,0,community
https://kayak.com,kayak.com,https://www.kayak.com/profile/account/passkeys,67,1,community|community:enpass.io|community:fidoalliance.org|community:keepersecurity.com|community:passkeyindex.io|community:passkeys-directory.dashlane.com|community:passkeys.2fa.directory|community:passkeys.2stable.com|community:passkeys.com|community:passkeys.directory|community:passkeys.io|endpoints|webauthn|webauthn-related
https://kcex.com,kcex.com,,1,0,community
https://keepersecurity.com,keepersecurity.com,,1,0,community|community:2fa.directory|community:fidoalliance.org|community:hideez.com|community:passkeys.2fa.directory
https://kemba.org,kemba.org,,1,0,community|community:enpass.io|community:fidoalliance.org|community:keepersecurity.com|community:passkeyindex.io|community:passkeys.2stable.com|community:passkeys.com|community:passkeys.directory
https://kenwoodworld.com,kenwoodworld.com,,1,0,community|community:passkeyindex.io|community:passkeys-directory.dashlane.com
https://kit.edu,kit.edu,,1,0,community|community:fidoalliance.org|community:keepersecurity.com|community:passkeys.2stable.com|community:passkeys.directory
https://klemn.net,klemn.net,,1,0,community|community:keepersecurity.com|community:passkeys.2stable.com|community:passkeys.com|community:passkeys.directory
https://kolibrios.org,kolibrios.org,,1,0,community
https://konami.net,konami.net,,1,0,community|community:keepersecurity.com|community:passkeys.2stable.com|community:passkeys.directory
https://kood.tech,kood.tech,,1,0,community
https://koofr.eu,koofr.eu,,1,0,community|community:2fa.directory|community:enpass.io
https://kraken.com,kraken.com,,4,1,community|community:2fa.directory|community:hideez.com|community:keepersecurity.com|community:passkeyindex.io|community:passkeys-directory.dashlane.com|community:passkeys.2fa.directory|community:passkeys.directory|webauthn|webauthn-related
https://krs.no,krs.no,,1,0,community
https://kska.io,kska.io,,1,0,community
https://kuda.com,kuda.com,,1,0,community
https://kv.no,kv.no,,1,0,community
https://kvinnheringen.no,kvinnheringen.no,,1,0,community
https://kwansei.ac.jp,kwansei.ac.jp,,1,0,community
https://laagendalsposten.no,laagendalsposten.no,,1,0,community
https://laakari.chat,laakari.chat,,1,0,community|community:keepersecurity.com|community:passkeyindex.io|community:passkeys-directory.dashlane.com|community:passkeys.2stable.com|community:passkeys.com|community:passkeys.directory
https://laby.net,laby.net,,4,1,webauthn|webauthn-related
https://landing.ai,landing.ai,,1,0,community
https://larksuite.com,larksuite.com,,1,0,community|community:passkeys.2stable.com|community:passkeys.com|community:passkeys.directory
https://lastpass.com,lastpass.com,,1,0,community|community:2fa.directory|community:enpass.io|community:passkeys.2fa.directory
https://laverne.com,laverne.com,,1,1,endpoints
https://leiting.app,leiting.app,,1,0,community
https://lendi.pl,lendi.pl,,1,0,community
https://level1techs.com,level1techs.com,,1,0,community|community:keepersecurity.com|community:passkeys.2stable.com|community:passkeys.directory
https://lgtm.lol,lgtm.lol,,1,0,community|community:keepersecurity.com|community:passkeys.2stable.com|community:passkeys.com|community:passkeys.directory
https://liberatedsystems.co.uk,liberatedsystems.co.uk,,1,0,community
https://lierposten.no,lierposten.no,,1,0,community
https://linear.app,linear.app,,1,0,community|community:keepersecurity.com|community:passkeys.2stable.com|community:passkeys.com|community:passkeys.directory|community:passkeys.io
https://link.com,link.com,,1,0,community|community:enpass.io|community:hideez.com|community:passkeys.2fa.directory|community:passkeys.2stable.com
https://link3.to,link3.to,,1,0,community|community:keepersecurity.com|community:passkeys.2stable.com|community:passkeys.com|community:passkeys.directory
https://live.com,live.com,,10,0,community|community:2fa.directory|community:enpass.io|community:fidoalliance.org|community:hideez.com|community:keepersecurity.com|community:passkeyindex.io|community:passkeys-directory.dashlane.com|community:passkeys.2fa.directory|community:passkeys.2stable.com|community:passkeys.com|community:passkeys.directory|community:passkeys.io
https://lnk.bio,lnk.bio,,1,0,community|community:fidoalliance.org|community:keepersecurity.com|community:passkeyindex.io|community:passkeys.2fa.directory|community:passkeys.2stable.com|community:passkeys.com|community:passkeys.directory
https://locker.io,locker.io,,1,0,community|community:hideez.com|community:keepersecurity.com|community:passkeys.2stable.com|community:passkeys.com|community:passkeys.directory
https://lofot-tidende.no,lofot-tidende.no,,1,0,community
https://login.gov,login.gov,,1,0,community|community:2fa.directory|community:fidoalliance.org|community:hideez.com|community:passkeyindex.io|community:passkeys-directory.dashlane.com|community:passkeys.2fa.directory|community:passkeys.2stable.com|community:passkeys.directory
https://login.mtb.com,mtb.com,,1,1,webauthn
https://logto.app,logto.app,,1,0,community
https://lokal-avisa.no,lokal-avisa.no,,1,0,community
https://loolootech.com,loolootech.com,,1,0,community
https://louisa.ai,louisa.ai,,1,0,community
https://lowes.com,lowes.com,,1,0,community|community:keepersecurity.com|community:passkeys-directory.dashlane.com|community:passkeys.2fa.directory|community:passkeys.2stable.com|community:passkeys.com|community:passkeys.directory
https://lsd.cat,lsd.cat,,1,0,community
https://lubuntu.me,lubuntu.me,,1,0,community
https://luckyrobots.com,luckyrobots.com,,1,0,community
https://lululemon.com,lululemon.com,,1,0,community|community:passkeys.2stable.com|community:passkeys.directory
https://luma.com,luma.com,,1,0,community|community:passkeys.2stable.com|community:passkeys.directory
https://luminia.io,luminia.io,,1,0,community
https://lunarclient.top,lunarclient.top,,1,0,community
https://luno.com,luno.com,,1,0,community|community:keepersecurity.com|community:passkeys.2stable.com|community:passkeys.com|community:passkeys.directory
https://luxid.lu,luxid.lu,,1,0,community|community:keepersecurity.com|community:passkeys.2stable.com|community:passkeys.directory
https://lyngdalsavis.no,lyngdalsavis.no,,1,0,community
https://m.betclic.fr,betclic.fr,,1,1,webauthn|webauthn-related
https://m.betclic.pl,betclic.pl,,1,1,webauthn|webauthn-related
https://macif.fr,macif.fr,,1,0,community|community:passkeys-directory.dashlane.com
https://magic.link,magic.link,,1,0,community|community:passkeys-directory.dashlane.com
https://mail.de,mail.de,,1,0,community|community:2fa.directory|community:passkeys.2fa.directory
https://mangadex.org,mangadex.org,,1,0,community|community:2fa.directory|community:keepersecurity.com|community:passkeyindex.io|community:passkeys-directory.dashlane.com|community:passkeys.2fa.directory|community:passkeys.directory
https://marketcircle.com,marketcircle.com,,1,0,community|community:enpass.io|community:fidoalliance.org|community:keepersecurity.com|community:passkeyindex.io|community:passkeys-directory.dashlane.com|community:passkeys.2stable.com|community:passkeys.com|community:passkeys.directory
https://marshmallow-qa.com,marshmallow-qa.com,,1,0,community|community:keepersecurity.com|community:passkeys-directory.dashlane.com|community:passkeys.2stable.com|community:passkeys.com|community:passkeys.directory
https://mastodon.social,mastodon.social,,1,0,community|community:2fa.directory|community:passkeys.2fa.directory|community:passkeys.2stable.com|community:passkeys.directory
https://matchperfumes.com,matchperfumes.com,,1,1,endpoints
https://mediageneral.digital,mediageneral.digital,,1,0,community
https://medvind24.no,medvind24.no,,1,0,community
https://menumal.com,menumal.com,,1,0,community
https://merakerposten.no,merakerposten.no,,1,0,community
https://mercari.com,mercari.com,https://jp.mercari.com/mypage/personal_info/passkeys,2,1,community|community:enpass.io|community:fidoalliance.org|community:keepersecurity.com|community:passkeyindex.io|community:passkeys.2stable.com|community:passkeys.com|community:passkeys.directory|endpoints
https://mercury.com,mercury.com,,1,0,community|community:2fa.directory|community:hideez.com|community:passkeys.2fa.directory
https://merrilledge.com,merrilledge.com,,10,1,community|community:2fa.directory|community:fidoalliance.org|community:passkeys.2stable.com|webauthn|webauthn-related
https://metri.xyz,metri.xyz,,1,0,community
https://mfw.work,mfw.work,,1,0,community
https://miamioh.edu,miamioh.edu,,1,0,community|community:2fa.directory|community:passkeys.2fa.directory|community:passkeys.2stable.com
https://michigan.gov,michigan.gov,,1,0,community|community:enpass.io|community:keepersecurity.com|community:passkeys-directory.dashlane.com|community:passkeys.2stable.com|community:passkeys.com|community:passkeys.directory
https://microcenter.com,microcenter.com,,1,0,community|community:keepersecurity.com|community:passkeys.2stable.com|community:passkeys.com|community:passkeys.directory
https://migros.ch,migros.ch,,1,0,community|community:fidoalliance.org|community:keepersecurity.com|community:passkeys.2fa.directory|community:passkeys.2stable.com|community:passkeys.directory
https://mills.io,mills.io,,1,0,community
https://minecraft.net,minecraft.net,,1,0,community|community:enpass.io|community:passkeys.2fa.directory
https://mines.edu,mines.edu,,1,0,community|community:2fa.directory|community:passkeys.2fa.directory|community:passkeys.2stable.com
https://miniflux.app,miniflux.app,,1,0,community|community:keepersecurity.com|community:passkeys.2stable.com|community:passkeys.com|community:passkeys.directory
https://miniorange.com,miniorange.com,,1,0,community
https://mintbase.xyz,mintbase.xyz,,1,0,community|community:keepersecurity.com|community:passkeys.2stable.com|community:passkeys.com|community:passkeys.directory
https://minter.io,minter.io,,1,0,community|community:enpass.io|community:fidoalliance.org|community:keepersecurity.com|community:passkeys.2stable.com|community:passkeys.com|community:passkeys.directory
https://mittlillestrom.no,mittlillestrom.no,,1,0,community
https://mixi.com,mixi.com,,1,0,community|community:enpass.io|community:fidoalliance.org|community:keepersecurity.com|community:passkeys.2stable.com|community:passkeys.com|community:passkeys.directory
https://mojang.com,mojang.com,,1,0,community|community:enpass.io
https://monash.edu,monash.edu,,1,0,community|community:2fa.directory|community:passkeys.2fa.directory
https://monespacesante.fr,monespacesante.fr,,1,0,community|community:passkeys-directory.dashlane.com
https://moneybird.com,moneybird.com,https://moneybird.com/user/webauthn_credential_setup/new,1,1,community|community:enpass.io|community:hideez.com|community:keepersecurity.com|community:passkeys-directory.dashlane.com|community:passkeys.2stable.com|community:passkeys.com|community:passkeys.directory|endpoints
https://moneyforward.com,moneyforward.com,https://id.moneyforward.com/webauthn/credentials,2,1,community|community:enpass.io|community:fidoalliance.org|community:keepersecurity.com|community:passkeyindex.io|community:passkeys-directory.dashlane.com|community:passkeys.2stable.com|community:passkeys.com|community:passkeys.directory|endpoints
https://moneyinfo.co.uk,moneyinfo.co.uk,,1,0,community
https://mongodb.com,mongodb.com,,1,0,community|community:2fa.directory|community:passkeys.2fa.directory
https://morganstanley.com,morganstanley.com,,1,0,community|community:2fa.directory|community:passkeys.2fa.directory
https://msu.edu,msu.edu,,1,0,community|community:2fa.directory|community:passkeys.2fa.directory|community:passkeys.2stable.com
https://mulesoft.com,mulesoft.com,,1,0,community|community:2fa.directory|community:enpass.io
https://muni.cz,muni.cz,,1,0,community|community:2fa.directory|community:passkeys.2fa.directory
https://my.gov.au,my.gov.au,,1,0,community|community:fidoalliance.org|community:keepersecurity.com|community:passkeys.2fa.directory|community:passkeys.2stable.com|community:passkeys.com|community:passkeys.directory|community:passkeys.io
https://mycurricula.com,mycurricula.com,,1,0,community|community:keepersecurity.com|community:passkeys.2stable.com|community:passkeys.directory
https://myfritz.net,myfritz.net,,1,0,community|community:2fa.directory|community:passkeys.2fa.directory
https://myshn.net,myshn.net,,1,0,community
https://mysites.guru,mysites.guru,,1,0,community|community:keepersecurity.com|community:passkeys.2stable.com|community:passkeys.com|community:passkeys.directory
https://nab.no,nab.no,,1,0,community
https://namecheap.com,namecheap.com,,1,0,community|community:2fa.directory|community:hideez.com|community:passkeyindex.io|community:passkeys-directory.dashlane.com|community:passkeys.2fa.directory|community:passkeys.2stable.com|community:passkeys.directory
https://nationen.no,nationen.no,,1,0,community
https://ncsu.edu,ncsu.edu,,1,0,community|community:2fa.directory|community:passkeys.2fa.directory
https://nd.edu,nd.edu,,1,0,community|community:2fa.directory|community:passkeys.2fa.directory
https://neko.id,neko.id,,1,0,community
https://neonteam.dev,neonteam.dev,,1,0,community
https://nerdfix.cz,nerdfix.cz,,3,1,webauthn|webauthn-related
https://nest.com,nest.com,,9,0,community|community:2fa.directory|community:enpass.io|community:fidoalliance.org|community:hideez.com|community:keepersecurity.com|community:passkeyindex.io|community:passkeys-directory.dashlane.com|community:passkeys.2fa.directory|community:passkeys.2stable.com|community:passkeys.com|community:passkeys.directory|community:passkeys.io
https://net.ru,net.ru,,1,0,community
https://netfiles.com,netfiles.com,,1,0,community|community:fidoalliance.org|community:keepersecurity.com|community:passkeyindex.io|community:passkeys.2stable.com|community:passkeys.directory
https://neuronation-med.com,neuronation-med.com,,1,0,community
https://neuronation.com,neuronation.com,,1,0,community
https://nfl.com,nfl.com,,1,0,community|community:passkeys-directory.dashlane.com
https://nikkei.com,nikkei.com,,1,0,community
https://nintendo.com,nintendo.com,https://accounts.nintendo.com/passkey,2,1,community|community:enpass.io|community:hideez.com|community:keepersecurity.com|community:passkeyindex.io|community:passkeys-directory.dashlane.com|community:passkeys.2fa.directory|community:passkeys.2stable.com|community:passkeys.com|community:passkeys.directory|community:passkeys.io|endpoints
https://nitrado.net,nitrado.net,,2,0,community|community:2fa.directory|community:enpass.io|community:hideez.com|community:passkeys.2fa.directory
https://noblad.no,noblad.no,,1,0,community
https://nord24.no,nord24.no,,1,0,community
https://nordaccount.com,nordaccount.com,,1,0,community|community:passkeys.2stable.com|community:passkeys.directory
https://norddalen.no,norddalen.no,,1,0,community
https://nordhordland.no,nordhordland.no,,1,0,community
https://nordlocker.com,nordlocker.com,,1,0,community|community:2fa.directory|community:passkeys.2fa.directory
https://nordnorskdebatt.no,nordnorskdebatt.no,,1,0,community
https://nordpass.com,nordpass.com,,1,0,community|community:2fa.directory|community:passkeys.2fa.directory
https://nordvpn.com,nordvpn.com,,1,0,community|community:2fa.directory|community:enpass.io|community:passkeys.2fa.directory
https://norsklandbruk.no,norsklandbruk.no,,1,0,community
https://norton.com,norton.com,,1,0,community|community:2fa.directory|community:passkeys.2fa.directory
https://notion.com,notion.com,,7,1,community|community:keepersecurity.com|community:passkeys-directory.dashlane.com|community:passkeys.2fa.directory|community:passkeys.2stable.com|community:passkeys.com|community:passkeys.directory|community:passkeys.io|webauthn|webauthn-related
https://noupe.com,noupe.com,,66,1,webauthn|webauthn-related
https://nsbomega.com,nsbomega.com,,1,0,community
https://nulab.com,nulab.com,,1,0,community|community:2fa.directory|community:enpass.io|community:hideez.com|community:keepersecurity.com|community:passkeys.2fa.directory|community:passkeys.com|community:passkeys.directory
https://nvidia.com,nvidia.com,,2,0,community|community:2fa.directory|community:enpass.io|community:fidoalliance.org|community:hideez.com|community:keepersecurity.com|community:passkeyindex.io|community:passkeys-directory.dashlane.com|community:passkeys.2fa.directory|community:passkeys.2stable.com|community:passkeys.com|community:passkeys.directory|community:passkeys.io
https://nyetroms.no,nyetroms.no,,1,0,community
https://nyu.edu,nyu.edu,,1,0,community|community:2fa.directory
https://nyulmc.org,nyulmc.org,,1,0,community|community:passkeys-directory.dashlane.com
https://o2.pl,o2.pl,,1,0,community|community:2fa.directory|community:passkeys.2fa.directory|community:passkeys.2stable.com
https://oa.no,oa.no,,70,1,community|webauthn|webauthn-related
https://ofdl.tools,ofdl.tools,,1,0,community
https://offshoot.rentals,offshoot.rentals,,1,0,community|community:passkeys-directory.dashlane.com
https://ohkaspace.com,ohkaspace.com,,1,0,community
https://okeanos.nl,okeanos.nl,,1,0,community
https://okta.com,okta.com,,3,1,community|community:2fa.directory|community:enpass.io|community:fidoalliance.org|community:hideez.com|community:keepersecurity.com|community:passkeyindex.io|community:passkeys-directory.dashlane.com|community:passkeys.2fa.directory|community:passkeys.2stable.com|community:passkeys.directory|webauthn|webauthn-related
https://okx.com,okx.com,,1,0,community|community:enpass.io|community:fidoalliance.org|community:keepersecurity.com|community:passkeys.2fa.directory|community:passkeys.2stable.com|community:passkeys.com|community:passkeys.directory
https://olympics.com,olympics.com,,1,0,community|community:passkeys-directory.dashlane.com
https://omega365.com,omega365.com,,1,0,community
https://omegasubsea.com,omegasubsea.com,,1,0,community
https://omg.lol,omg.lol,,1,0,community|community:fidoalliance.org|community:keepersecurity.com|community:passkeyindex.io|community:passkeys-directory.dashlane.com|community:passkeys.2stable.com|community:passkeys.com|community:passkeys.directory
https://onelog.ch,onelog.ch,,1,0,community|community:fidoalliance.org|community:keepersecurity.com|community:passkeys.2fa.directory|community:passkeys.2stable.com|community:passkeys.directory
https://onelogin.com,onelogin.com,,1,0,community|community:2fa.directory|community:hideez.com|community:passkeys.2fa.directory|community:passkeys.2stable.com|community:passkeys.directory
https://onepropertee.com,onepropertee.com,,1,0,community
https://onet.pl,onet.pl,,1,0,community|community:2fa.directory|community:enpass.io|community:passkeys.2fa.directory
https://online.nomura.co.jp,nomura.co.jp,,5,1,webauthn|webauthn-related
https://onlinescoutmanager.co.uk,onlinescoutmanager.co.uk,,1,0,community|community:keepersecurity.com|community:passkeys.2stable.com|community:passkeys.com|community:passkeys.directory
https://onlyfans.com,onlyfans.com,,1,0,community|community:enpass.io|community:fidoalliance.org|community:hideez.com|community:keepersecurity.com|community:passkeys-directory.dashlane.com|community:passkeys.2stable.com|community:passkeys.com|community:passkeys.directory
https://onlyg.it,onlyg.it,,1,0,community
https://onlyoffice.com,onlyoffice.com,,1,0,community
https://ope.ee,ope.ee,,1,0,community|community:hideez.com|community:keepersecurity.com|community:passkeys.2stable.com|community:passkeys.com|community:passkeys.directory
https://openai.com,openai.com,,2,1,community|community:passkeys.directory|webauthn|webauthn-related
https://opencollective.com,opencollective.com,,1,0,community|community:2fa.directory|community:passkeys.2fa.directory
https://openprivacy.ca,openprivacy.ca,,1,0,community
https://opensuse.org,opensuse.org,,1,0,community
https://oracle.com,oracle.com,,1,0,community|community:2fa.directory|community:hideez.com|community:passkeys.2fa.directory
https://orb.net,orb.net,,1,0,community
https://oregonstate.edu,oregonstate.edu,,1,0,community|community:2fa.directory|community:passkeys.2fa.directory|community:passkeys.2stable.com
https://osu.edu,osu.edu,,1,0,community|community:2fa.directory|community:passkeys.2fa.directory
https://otago.ac.nz,otago.ac.nz,,1,0,community|community:2fa.directory|community:passkeys.2fa.directory
https://otpless.com,otpless.com,,1,0,community
https://ourmayberry.com,ourmayberry.com,,1,0,community
https://ovh.com,ovh.com,,1,0,community|community:2fa.directory|community:enpass.io|community:passkeys.2fa.directory
https://oyene.no,oyene.no,,1,0,community
https://paidy.com,paidy.com,,1,0,community|community:passkeys.directory
https://palemoon.org,palemoon.org,,1,0,community
https://papermark.io,papermark.io,,1,0,community|community:keepersecurity.com|community:passkeys.2stable.com|community:passkeys.com|community:passkeys.directory|community:passkeys.io
https://passage.id,passage.id,,1,0,community|community:keepersecurity.com|community:passkeys-directory.dashlane.com|community:passkeys.2stable.com|community:passkeys.directory
https://passkeys.guru,passkeys.guru,,1,0,community|community:keepersecurity.com|community:passkeys-directory.dashlane.com|community:passkeys.2stable.com|community:passkeys.directory
https://pastery.net,pastery.net,,1,0,community|community:keepersecurity.com|community:passkeyindex.io|community:passkeys-directory.dashlane.com|community:passkeys.2stable.com|community:passkeys.com|community:passkeys.directory
https://payfit.com,payfit.com,,1,0,community|community:enpass.io|community:fidoalliance.org|community:keepersecurity.com|community:passkeys-directory.dashlane.com|community:passkeys.2fa.directory|community:passkeys.2stable.com|community:passkeys.com|community:passkeys.directory
https://paypal-search.com,paypal-search.com,,1,0,community|community:enpass.io
https://paypal.com,paypal.com,https://www.paypal.com/myaccount/security/passkeyLogin/createPasskey,3,1,community|community:enpass.io|community:fidoalliance.org|community:hideez.com|community:keepersecurity.com|community:passkeyindex.io|community:passkeys-directory.dashlane.com|community:passkeys.2fa.directory|community:passkeys.2stable.com|community:passkeys.com|community:passkeys.directory|community:passkeys.io|endpoints
https://pd.no,pd.no,,1,0,community
https://pdfaid.com,pdfaid.com,,1,1,endpoints
https://pdfhouse.com,pdfhouse.com,,1,1,endpoints
https://penfed.org,penfed.org,,1,0,community|community:passkeys.2fa.directory
https://perimeter81.com,perimeter81.com,,1,0,community|community:2fa.directory|community:passkeys.2fa.directory
https://pika-os.com,pika-os.com,,1,0,community
https://pilotinstitute.com,pilotinstitute.com,,1,0,community
https://pixelplanet.fun,pixelplanet.fun,,1,0,community
https://pixiv.net,pixiv.net,,1,0,community|community:keepersecurity.com|community:passkeys.2stable.com|community:passkeys.com|community:passkeys.directory|community:passkeys.io
https://pkobp.pl,pkobp.pl,,1,0,community|community:2fa.directory
https://poblano.jp,poblano.jp,,1,0,community|community:keepersecurity.com|community:passkeys.2stable.com|community:passkeys.com|community:passkeys.directory
https://poloniex.com,poloniex.com,,1,0,community|community:keepersecurity.com|community:passkeys.2stable.com|community:passkeys.com|community:passkeys.directory
https://porkbun.com,porkbun.com,,1,0,community|community:2fa.directory|community:fidoalliance.org|community:hideez.com|community:keepersecurity.com|community:passkeyindex.io|community:passkeys-directory.dashlane.com|community:passkeys.2fa.directory|community:passkeys.2stable.com|community:passkeys.com|community:passkeys.directory|community:passkeys.io
https://practiceprotect.com,practiceprotect.com,,1,0,community|community:keepersecurity.com|community:passkeys.2stable.com|community:passkeys.directory
https://premisehealth.com,premisehealth.com,,1,0,community|community:passkeys.2fa.directory
https://probit.com,probit.com,,1,0,community|community:2fa.directory|community:passkeys.2fa.directory
https://prodamus.ru,prodamus.ru,,1,0,community
https://projecthedron.com,projecthedron.com,,1,0,community
https://protegear.io,protegear.io,,1,0,community
https://proton.me,proton.me,,1,0,community|community:2fa.directory|community:fidoalliance.org|community:keepersecurity.com|community:passkeys.2fa.directory|community:passkeys.com
https://psu.edu,psu.edu,,1,0,community|community:2fa.directory|community:passkeys.2fa.directory|community:passkeys.2stable.com
https://pypi.org,pypi.org,,1,0,community|community:2fa.directory|community:enpass.io|community:passkeys.2fa.directory
https://qapital.com,qapital.com,,1,0,community|community:enpass.io|community:fidoalliance.org|community:keepersecurity.com|community:passkeyindex.io|community:passkeys-directory.dashlane.com|community:passkeys.2stable.com|community:passkeys.com|community:passkeys.directory
https://r-a.no,r-a.no,,1,0,community
https://rablad.no,rablad.no,,1,0,community
https://rad.dad,rad.dad,,1,0,community|community:fidoalliance.org|community:keepersecurity.com|community:passkeys-directory.dashlane.com|community:passkeys.2stable.com|community:passkeys.com|community:passkeys.directory
https://ramp.com,ramp.com,https://app.ramp.com/settings/personal-settings/security/passkeys,2,1,community|community:passkeys.directory|endpoints
https://ranano.no,ranano.no,,1,0,community
https://rastavanger.no,rastavanger.no,,1,0,community
https://raumnes.no,raumnes.no,,1,0,community
https://ravanertebat.com,ravanertebat.com,,1,0,community
https://rc.today,rc.today,,1,0,community
https://rcs-rds.ro,rcs-rds.ro,,1,0,community
https://readtheory.org,readtheory.org,,1,1,endpoints
https://reefperfumes.com,reefperfumes.com,,1,1,endpoints
https://regatta-systems.com,regatta-systems.com,,1,0,community
https://registro.br,registro.br,,1,0,community|community:2fa.directory|community:passkeys.2fa.directory
https://repaircode.de,repaircode.de,,1,0,community
https://repo.radio,repo.radio,,1,0,community
https://retten.no,retten.no,,1,0,community
https://review.internalfb.com,internalfb.com,,2,1,webauthn|webauthn-related
https://revolut.com,revolut.com,,1,0,community|community:passkeys-directory.dashlane.com
https://rewe.de,rewe.de,,1,0,community|community:passkeys.2stable.com
https://rewritify.com,rewritify.com,,1,0,community
https://rha.no,rha.no,,1,0,community
https://ringsaker-blad.no,ringsaker-blad.no,,1,0,community
https://robinhood.com,robinhood.com,,1,0,community|community:enpass.io|community:fidoalliance.org|community:keepersecurity.com|community:passkeyindex.io|community:passkeys-directory.dashlane.com|community:passkeys.2fa.directory|community:passkeys.2stable.com|community:passkeys.com|community:passkeys.directory|community:passkeys.io
https://roblox.com,roblox.com,,1,0,community|community:2fa.directory|community:enpass.io|community:fidoalliance.org|community:hideez.com|community:keepersecurity.com|community:passkeyindex.io|community:passkeys-directory.dashlane.com|community:passkeys.2fa.directory|community:passkeys.2stable.com|community:passkeys.com|community:passkeys.directory|community:passkeys.io
https://rsa.com,rsa.com,,1,0,community
https://ruten.com.tw,ruten.com.tw,,4,1,community|webauthn|webauthn-related
https://sa.almajed4oud.com,almajed4oud.com,,1,1,endpoints
https://sa.arabianoud.com,arabianoud.com,,1,1,endpoints
https://sageneavis.no,sageneavis.no,,1,0,community
https://salad.com,salad.com,,1,0,community|community:keepersecurity.com|community:passkeys.2stable.com|community:passkeys.com|community:passkeys.directory
https://sam-app.ro,sam-app.ro,,1,0,community
https://samsung.com,samsung.com,,1,0,community|community:fidoalliance.org|community:hideez.com|community:keepersecurity.com|community:passkeyindex.io|community:passkeys.com
https://sandeavis.no,sandeavis.no,,1,0,community
https://sans.org,sans.org,,1,0,community|community:2fa.directory|community:enpass.io
https://sapo.pt,sapo.pt,,1,0,community|community:2fa.directory|community:passkeys.2fa.directory
https://saudi.ibraqperfumes.com,ibraqperfumes.com,,1,1,endpoints
https://scm.com,scm.com,,1,0,community
https://scu.edu,scu.edu,,1,0,community|community:2fa.directory|community:passkeys.2fa.directory|community:passkeys.2stable.com
https://sellematics.com,sellematics.com,,1,0,community
https://sellmonitor.com,sellmonitor.com,,1,0,community
https://sellscreen.io,sellscreen.io,,1,0,community
https://senja247.no,senja247.no,,1,0,community
https://sentry.io,sentry.io,,1,0,community|community:2fa.directory|community:enpass.io|community:hideez.com|community:passkeys.2fa.directory
https://server47.de,server47.de,,1,0,community
https://shadow.tech,shadow.tech,,1,0,community|community:2fa.directory|community:enpass.io|community:passkeys.2fa.directory
https://shakepay.com,shakepay.com,,1,0,community|community:enpass.io|community:keepersecurity.com|community:passkeys.2stable.com|community:passkeys.com|community:passkeys.directory
https://sheetjs.com,sheetjs.com,,1,0,community
https://shopify.com,shopify.com,https://accounts.shopify.com/account/security,5,1,community|community:2fa.directory|community:enpass.io|community:fidoalliance.org|community:hideez.com|community:keepersecurity.com|community:passkeyindex.io|community:passkeys-directory.dashlane.com|community:passkeys.2fa.directory|community:passkeys.2stable.com|community:passkeys.com|community:passkeys.directory|community:passkeys.io|endpoints|webauthn|webauthn-related
https://shu.edu,shu.edu,,1,0,community|community:2fa.directory|community:passkeys.2fa.directory|community:passkeys.2stable.com
https://silverstudiogames.org,silverstudiogames.org,,1,0,community
https://simplelogin.io,simplelogin.io,,1,0,community|community:2fa.directory|community:enpass.io|community:passkeys.2fa.directory
https://simply.com,simply.com,https://www.simply.com/en/controlpanel/user/,2,1,community|community:enpass.io|community:keepersecurity.com|community:passkeys.2stable.com|community:passkeys.com|community:passkeys.directory|endpoints
https://siriusxm.com,siriusxm.com,,1,0,community|community:enpass.io|community:passkeys.2stable.com|community:passkeys.com|community:passkeys.directory
https://skiff.com,skiff.com,,1,0,community|community:passkeys.2stable.com|community:passkeys.directory
https://sktelecom.com,sktelecom.com,,1,0,community|community:fidoalliance.org|community:keepersecurity.com|community:passkeys-directory.dashlane.com|community:passkeys.2stable.com|community:passkeys.directory
https://slevomat.cz,slevomat.cz,,1,0,community
https://snapchat.com,snapchat.com,,1,0,community|community:keepersecurity.com|community:passkeys.2fa.directory|community:passkeys.2stable.com|community:passkeys.com|community:passkeys.directory|community:passkeys.io
https://snasningen.no,snasningen.no,,1,0,community
https://sneleentaxi.nl,sneleentaxi.nl,,1,0,community
https://so-net.ne.jp,so-net.ne.jp,,1,0,community|community:enpass.io|community:keepersecurity.com|community:passkeys.2stable.com|community:passkeys.com|community:passkeys.directory
https://softbank.jp,softbank.jp,,5,1,community|webauthn|webauthn-related
https://solabladet.no,solabladet.no,,1,0,community
https://soloconlinux.org.es,soloconlinux.org.es,,1,0,community
https://sony.com,sony.com,,1,0,community|community:enpass.io|community:fidoalliance.org|community:hideez.com|community:keepersecurity.com|community:passkeyindex.io|community:passkeys-directory.dashlane.com|community:passkeys.2fa.directory|community:passkeys.2stable.com|community:passkeys.com|community:passkeys.directory
https://spaceship.com,spaceship.com,,1,0,community|community:2fa.directory|community:enpass.io|community:keepersecurity.com|community:passkeys.2stable.com|community:passkeys.com|community:passkeys.directory|community:passkeys.io
https://spacetoco.com,spacetoco.com,,1,0,community
https://sparos.tech,sparos.tech,,1,0,community
https://squareup.com,squareup.com,,1,0,community|community:keepersecurity.com|community:passkeys.2fa.directory|community:passkeys.2stable.com|community:passkeys.directory
https://sso.tbank.ru,tbank.ru,,3,1,webauthn|webauthn-related
https://stall-frei.de,stall-frei.de,,1,0,community|community:enpass.io|community:keepersecurity.com|community:passkeys.2stable.com|community:passkeys.com|community:passkeys.directory
https://standardnotes.com,standardnotes.com,,1,0,community|community:2fa.directory|community:hideez.com|community:passkeys.2fa.directory
https://stanford.edu,stanford.edu,,1,0,community|community:2fa.directory|community:passkeys.2fa.directory|community:passkeys.2stable.com
https://stangeavisa.no,stangeavisa.no,,1,0,community
https://station-drivers.com,station-drivers.com,,1,0,community|community:keepersecurity.com|community:passkeys.2stable.com|community:passkeys.com|community:passkeys.directory
https://steinkjer-avisa.no,steinkjer-avisa.no,,1,0,community
https://stockarea.io,stockarea.io,,1,0,community
https://strandbuen.no,strandbuen.no,,1,0,community
https://stripe.com,stripe.com,,1,0,community|community:2fa.directory|community:fidoalliance.org|community:hideez.com|community:keepersecurity.com|community:passkeyindex.io|community:passkeys-directory.dashlane.com|community:passkeys.2fa.directory|community:passkeys.2stable.com|community:passkeys.com|community:passkeys.directory|community:passkeys.io
https://subanana.com,subanana.com,,1,0,community
https://subnoto.com,subnoto.com,,1,0,community|community:passkeys-directory.dashlane.com
https://subtitlewhisper.com,subtitlewhisper.com,,1,0,community
https://sumup.com,sumup.com,https://me.sumup.com/security/passkeys/add,2,1,community|community:keepersecurity.com|community:passkeys.2stable.com|community:passkeys.directory|endpoints
https://sunnypilot.ai,sunnypilot.ai,,1,0,community
https://super.com,super.com,,2,1,community|webauthn|webauthn-related
https://sva.no,sva.no,,1,0,community
https://svelviksposten.no,svelviksposten.no,,1,0,community
https://swica.ch,swica.ch,,1,0,community|community:keepersecurity.com|community:passkeys.2stable.com|community:passkeys.directory
https://swissborg.com,swissborg.com,,1,0,community
https://sydney.edu.au,sydney.edu.au,,1,0,community|community:2fa.directory|community:passkeys.2fa.directory
https://sydvesten.no,sydvesten.no,,1,0,community
https://syncfusion.com,syncfusion.com,,1,0,community|community:keepersecurity.com|community:passkeys.2stable.com|community:passkeys.directory
https://synology.com,synology.com,,1,0,community|community:2fa.directory|community:enpass.io|community:fidoalliance.org|community:keepersecurity.com|community:passkeyindex.io|community:passkeys-directory.dashlane.com|community:passkeys.2fa.directory|community:passkeys.2stable.com|community:passkeys.com|community:passkeys.directory
https://tailscale.com,tailscale.com,,1,0,community|community:enpass.io|community:fidoalliance.org|community:keepersecurity.com|community:passkeyindex.io|community:passkeys-directory.dashlane.com|community:passkeys.2fa.directory|community:passkeys.2stable.com|community:passkeys.com|community:passkeys.directory|community:passkeys.io
https://talkdesk.com,talkdesk.com,,1,0,community|community:2fa.directory|community:passkeys.2fa.directory
https://tamu.edu,tamu.edu,,1,0,community|community:2fa.directory
https://target.com,target.com,https://www.target.com/account/settings/signinsecurity,2,1,community|community:enpass.io|community:fidoalliance.org|community:keepersecurity.com|community:passkeys-directory.dashlane.com|community:passkeys.2fa.directory|community:passkeys.2stable.com|community:passkeys.com|community:passkeys.directory|community:passkeys.io|endpoints
https://techbookfest.org,techbookfest.org,,1,0,community|community:keepersecurity.com|community:passkeys.2stable.com|community:passkeys.directory
https://telegram.org,telegram.org,,1,0,community|community:passkeys.directory
https://telekom.de,telekom.de,,1,0,community|community:keepersecurity.com|community:passkeys.2stable.com|community:passkeys.com|community:passkeys.directory|community:passkeys.io
https://telen.no,telen.no,,1,0,community
https://telstra.com,telstra.com,,1,0,community|community:keepersecurity.com|community:passkeys.2fa.directory|community:passkeys.2stable.com|community:passkeys.com|community:passkeys.directory
https://tender.run,tender.run,,1,0,community|community:keepersecurity.com|community:passkeyindex.io|community:passkeys-directory.dashlane.com|community:passkeys.2stable.com|community:passkeys.com|community:passkeys.directory
https://tendokyu.moe,tendokyu.moe,,1,0,community
https://terminals.io,terminals.io,,1,0,community
https://the-board.jp,the-board.jp,https://the-board.jp/user/passkeys,1,1,endpoints
https://thebrokenrail.com,thebrokenrail.com,,1,0,community
https://thehendrixjc.com,thehendrixjc.com,,1,0,community|community:fidoalliance.org|community:keepersecurity.com|community:passkeyindex.io|community:passkeys-directory.dashlane.com|community:passkeys.2stable.com|community:passkeys.com|community:passkeys.directory
https://theprivateoffice.com,theprivateoffice.com,,1,0,community
https://thunder.gg,thunder.gg,,1,0,community|community:keepersecurity.com|community:passkeys.2stable.com|community:passkeys.com|community:passkeys.directory
https://tiaa.org,tiaa.org,,1,0,community|community:fidoalliance.org|community:keepersecurity.com|community:passkeys.2stable.com|community:passkeys.directory
https://ticketeer.se,ticketeer.se,,1,0,community|community:keepersecurity.com|community:passkeys.2stable.com|community:passkeys.com|community:passkeys.directory|community:passkeys.io
https://ticketmaster.com,ticketmaster.com,,29,1,community|community:passkeys.2fa.directory|community:passkeys.directory|webauthn|webauthn-related
https://tiktok.com,tiktok.com,https://www.tiktok.com/ucenter_web/passkey_wizard?ug_source=others.pwdmanager&awedp_require_login=normal,2,1,community|community:enpass.io|community:fidoalliance.org|community:hideez.com|community:keepersecurity.com|community:passkeyindex.io|community:passkeys-directory.dashlane.com|community:passkeys.2fa.directory|community:passkeys.2stable.com|community:passkeys.com|community:passkeys.directory|community:passkeys.io|endpoints
https://tiktokw.eu,tiktokw.eu,,1,0,community
https://tildegit.org,tildegit.org,,1,0,community
https://tjadataba.se,tjadataba.se,,1,0,community
https://toggl.com,toggl.com,,1,0,community|community:enpass.io|community:passkeys.2fa.directory
https://tokyu.co.jp,tokyu.co.jp,,1,0,community|community:fidoalliance.org|community:keepersecurity.com|community:passkeys.2stable.com|community:passkeys.com|community:passkeys.directory
https://torontomu.ca,torontomu.ca,,1,0,community|community:2fa.directory|community:passkeys.2fa.directory
https://torrents-csv.com,torrents-csv.com,,1,0,community
https://totenidag.no,totenidag.no,,1,0,community
https://traktor.no,traktor.no,,1,0,community
https://transferwise.com,transferwise.com,,1,0,community|community:enpass.io
https://trimble.com,trimble.com,,1,0,community|community:fidoalliance.org|community:passkeys.2stable.com|community:passkeys.directory
https://tripletex.no,tripletex.no,,1,0,community|community:enpass.io|community:keepersecurity.com|community:passkeys.2stable.com|community:passkeys.com|community:passkeys.directory
https://tromsoby.no,tromsoby.no,,1,0,community
https://tronderdebatt.no,tronderdebatt.no,,1,0,community
https://trusona.com,trusona.com,,1,0,community|community:enpass.io|community:hideez.com|community:keepersecurity.com|community:passkeyindex.io|community:passkeys-directory.dashlane.com|community:passkeys.2stable.com|community:passkeys.directory
https://trustworthy.com,trustworthy.com,,1,0,community|community:fidoalliance.org|community:hideez.com|community:keepersecurity.com|community:passkeys.2stable.com|community:passkeys.com|community:passkeys.directory
https://tu-darmstadt.de,tu-darmstadt.de,,1,0,community|community:2fa.directory
https://turnkey.com,turnkey.com,,1,0,community|community:keepersecurity.com|community:passkeys.2stable.com|community:passkeys.com|community:passkeys.directory
https://tuta.com,tuta.com,,1,0,community|community:2fa.directory|community:enpass.io|community:hideez.com|community:keepersecurity.com|community:passkeys.2fa.directory
https://tutanota.com,tutanota.com,,1,0,community|community:enpass.io
https://tutumway.com,tutumway.com,,1,0,community
https://tuwien.ac.at,tuwien.ac.at,,1,0,community
https://tvedestrandsposten.no,tvedestrandsposten.no,,1,0,community
https://twingate.com,twingate.com,,1,0,community|community:2fa.directory
https://ubank.com.au,ubank.com.au,,1,0,community|community:passkeys-directory.dashlane.com|community:passkeys.2fa.directory|community:passkeys.2stable.com|community:passkeys.com|community:passkeys.directory
https://ubc.ca,ubc.ca,,1,0,community|community:2fa.directory|community:passkeys.2fa.directory|community:passkeys.2stable.com
https://uber.com,uber.com,,2,0,community|community:enpass.io|community:fidoalliance.org|community:hideez.com|community:keepersecurity.com|community:passkeyindex.io|community:passkeys-directory.dashlane.com|community:passkeys.2fa.directory|community:passkeys.2stable.com|community:passkeys.com|community:passkeys.directory|community:passkeys.io
https://ucdavis.edu,ucdavis.edu,,1,0,community|community:2fa.directory
https://ucla.edu,ucla.edu,,1,0,community|community:2fa.directory
https://ucmerced.edu,ucmerced.edu,,1,0,community|community:2fa.directory|community:passkeys.2fa.directory|community:passkeys.2stable.com
https://ucr.edu,ucr.edu,,1,0,community|community:2fa.directory
https://ucsd.edu,ucsd.edu,,1,0,community|community:2fa.directory
https://ui.com,ui.com,https://account.ui.com/security,1,1,community|endpoints
https://uidaho.edu,uidaho.edu,,1,0,community|community:2fa.directory|community:passkeys.2fa.directory|community:passkeys.2stable.com
https://ulstu.ru,ulstu.ru,,1,0,community
https://ulys.com,ulys.com,,1,0,community|community:passkeys.2stable.com|community:passkeys.directory
https://umich.edu,umich.edu,,1,0,community|community:2fa.directory|community:passkeys.2fa.directory|community:passkeys.2stable.com
https://uni-due.de,uni-due.de,,1,0,community
https://uninbox.com,uninbox.com,,1,0,community|community:keepersecurity.com|community:passkeys.2stable.com|community:passkeys.com|community:passkeys.directory|community:passkeys.io
https://unlock-music.dev,unlock-music.dev,,1,0,community
https://uq.edu.au,uq.edu.au,,1,0,community|community:2fa.directory|community:passkeys.2fa.directory
https://usesarchbtw.lol,usesarchbtw.lol,,1,0,community|community:keepersecurity.com|community:passkeys.2stable.com|community:passkeys.com|community:passkeys.directory
https://usfcu.org,usfcu.org,,1,0,community|community:enpass.io|community:fidoalliance.org|community:keepersecurity.com|community:passkeys.2stable.com|community:passkeys.com|community:passkeys.directory
https://uupdump.net,uupdump.net,,1,0,community
https://uwaterloo.ca,uwaterloo.ca,,1,0,community|community:2fa.directory|community:passkeys.2fa.directory|community:passkeys.2stable.com
https://v4guard.io,v4guard.io,,1,0,community
https://va.gov,va.gov,,1,0,community|community:2fa.directory|community:passkeys.2fa.directory
https://vanguard.com,vanguard.com,,1,0,community|community:2fa.directory|community:fidoalliance.org|community:hideez.com|community:passkeys.2fa.directory|community:passkeys.2stable.com
https://varingen.no,varingen.no,,1,0,community
https://vaultcord.com,vaultcord.com,,1,0,community|community:2fa.directory|community:enpass.io
https://vaultvision.com,vaultvision.com,,1,0,community|community:enpass.io|community:keepersecurity.com|community:passkeyindex.io|community:passkeys-directory.dashlane.com|community:passkeys.2stable.com|community:passkeys.directory
https://vcu.edu,vcu.edu,,1,0,community|community:2fa.directory|community:passkeys.2fa.directory|community:passkeys.2stable.com
https://vec.fun,vec.fun,,1,0,community
https://veracode.com,veracode.com,,1,0,community|community:2fa.directory|community:passkeys.2fa.directory
https://vercel.com,vercel.com,,1,0,community|community:enpass.io|community:keepersecurity.com|community:passkeyindex.io|community:passkeys-directory.dashlane.com|community:passkeys.2fa.directory|community:passkeys.2stable.com|community:passkeys.com|community:passkeys.directory|community:passkeys.io
https://verifythisseal.com,verifythisseal.com,,1,0,community|community:passkeys.2stable.com|community:passkeys.directory
https://vestbyavis.no,vestbyavis.no,,1,0,community
https://vicroads.vic.gov.au,vicroads.vic.gov.au,,1,0,community|community:passkeys-directory.dashlane.com|community:passkeys.2fa.directory
https://vinci-autoroutes.com,vinci-autoroutes.com,,1,0,community|community:passkeys-directory.dashlane.com
https://virginmedia.com,virginmedia.com,,1,0,community|community:enpass.io|community:fidoalliance.org|community:keepersecurity.com|community:passkeyindex.io|community:passkeys-directory.dashlane.com|community:passkeys.2fa.directory|community:passkeys.2stable.com|community:passkeys.com|community:passkeys.directory
https://vise.no,vise.no,,1,0,community
https://visma.com,visma.com,,5,0,community|community:enpass.io|community:fidoalliance.org|community:keepersecurity.com|community:passkeys.2fa.directory|community:passkeys.com|community:passkeys.directory
https://vivaldi.com,vivaldi.com,,1,0,community|community:2fa.directory|community:passkeys.2fa.directory
https://vivasoftltd.com,vivasoftltd.com,,1,0,community
https://vk.com,vk.com,,2,0,community|community:2fa.directory|community:enpass.io|community:keepersecurity.com|community:passkeys.2fa.directory|community:passkeys.2stable.com|community:passkeys.com|community:passkeys.directory
https://volt.io,volt.io,,1,0,community|community:passkeys.io
https://volteuropa.org,volteuropa.org,,1,0,community
https://voura.com,voura.com,,1,0,community|community:enpass.io|community:fidoalliance.org|community:keepersecurity.com|community:passkeys.2stable.com|community:passkeys.com|community:passkeys.directory
https://vp.no,vp.no,,1,0,community
https://vrsal.cc,vrsal.cc,,1,0,community
https://vse.cz,vse.cz,,1,0,community|community:2fa.directory|community:passkeys.2fa.directory
https://walmart.com,walmart.com,,1,0,community|community:fidoalliance.org|community:passkeyindex.io|community:passkeys.2stable.com|community:passkeys.com|community:passkeys.directory|community:passkeys.io
https://wealthnavi.com,wealthnavi.com,,1,0,community|community:passkeys.2stable.com|community:passkeys.directory
https://wealthsimple.com,wealthsimple.com,,1,0,community|community:passkeys.directory
https://webauthn.io,webauthn.io,,1,0,community|community:enpass.io|community:fidoalliance.org|community:keepersecurity.com|community:passkeyindex.io|community:passkeys-directory.dashlane.com|community:passkeys.2stable.com|community:passkeys.directory
https://webull.com.au,webull.com.au,,1,0,community|community:passkeys.2stable.com|community:passkeys.directory
https://weclapp.com,weclapp.com,,1,0,community|community:2fa.directory|community:enpass.io|community:passkeys.2fa.directory
https://wefunder.com,wefunder.com,,1,0,community|community:2fa.directory|community:passkeys.2fa.directory
https://wellsfargo.com,wellsfargo.com,,1,0,community|community:passkeys-directory.dashlane.com|community:passkeys.2stable.com|community:passkeys.directory
https://whatsapp.com,whatsapp.com,,1,0,community|community:2fa.directory|community:enpass.io|community:fidoalliance.org|community:hideez.com|community:keepersecurity.com|community:passkeyindex.io|community:passkeys-directory.dashlane.com|community:passkeys.2fa.directory|community:passkeys.2stable.com|community:passkeys.com|community:passkeys.directory|community:passkeys.io
https://wikipedia.org,wikipedia.org,,1,0,community|community:2fa.directory|community:passkeys.2fa.directory|community:passkeys.directory
https://wildfiregames.com,wildfiregames.com,,1,0,community
https://wisc.edu,wisc.edu,,1,0,community|community:2fa.directory|community:passkeys.2fa.directory|community:passkeys.2stable.com
https://wisconsin.gov,wisconsin.gov,,1,0,community
https://wise.com,wise.com,,1,0,community|community:enpass.io|community:fidoalliance.org|community:passkeyindex.io|community:passkeys.2fa.directory|community:passkeys.directory
https://wiseinvestment.co.uk,wiseinvestment.co.uk,,1,0,community
https://woltlab.com,woltlab.com,,1,0,community|community:2fa.directory|community:passkeys.2fa.directory
https://woolworths.com.au,woolworths.com.au,,1,0,community|community:passkeys.2fa.directory
https://wordpress.com,wordpress.com,,1,0,community|community:2fa.directory|community:passkeys.2fa.directory
https://worldskills.org,worldskills.org,,1,0,community
https://wpengine.com,wpengine.com,,1,0,community
https://wraptas.site,wraptas.site,,1,0,community|community:passkeyindex.io
https://www.adopt.com,adopt.com,,1,1,endpoints
https://www.airbnb.com,airbnb.com,,150,1,webauthn|webauthn-related
https://www.amazon.co.jp,amazon.co.jp,,2,1,webauthn|webauthn-related
https://www.beer52.com,beer52.com,https://www.beer52.com/account,1,1,endpoints
https://www.befr.ebay.be,ebay.be,https://accounts.befr.ebay.be/acctsec/manage/passkeys/create,2,1,endpoints
https://www.betclic.ci,betclic.ci,,2,1,webauthn|webauthn-related
https://www.betclic.pt,betclic.pt,,2,1,webauthn|webauthn-related
https://www.clientam.com,clientam.com,,23,1,webauthn|webauthn-related
https://www.ebay.at,ebay.at,https://accounts.ebay.at/acctsec/manage/passkeys/create,1,1,endpoints
https://www.ebay.ca,ebay.ca,https://accounts.ebay.ca/acctsec/manage/passkeys/create,2,1,endpoints
https://www.ebay.ch,ebay.ch,https://accounts.ebay.ch/acctsec/manage/passkeys/create,1,1,endpoints
https://www.ebay.co.uk,ebay.co.uk,https://accounts.ebay.co.uk/acctsec/manage/passkeys/create,2,1,endpoints
https://www.ebay.com.au,ebay.com.au,https://accounts.ebay.com.au/acctsec/manage/passkeys/create,1,1,endpoints
https://www.ebay.com.hk,ebay.com.hk,https://accounts.ebay.com.hk/acctsec/manage/passkeys/create,1,1,endpoints
https://www.ebay.com.my,ebay.com.my,https://accounts.ebay.com.my/acctsec/manage/passkeys/create,1,1,endpoints
https://www.ebay.com.sg,ebay.com.sg,https://accounts.ebay.com.sg/acctsec/manage/passkeys/create,1,1,endpoints
https://www.ebay.de,ebay.de,https://accounts.ebay.de/acctsec/manage/passkeys/create,2,1,endpoints
https://www.ebay.es,ebay.es,https://accounts.ebay.es/acctsec/manage/passkeys/create,1,1,endpoints
https://www.ebay.fr,ebay.fr,https://accounts.ebay.fr/acctsec/manage/passkeys/create,1,1,endpoints
https://www.ebay.ie,ebay.ie,https://accounts.ebay.ie/acctsec/manage/passkeys/create,1,1,endpoints
https://www.ebay.it,ebay.it,https://accounts.ebay.it/acctsec/manage/passkeys/create,1,1,endpoints
https://www.ebay.nl,ebay.nl,https://accounts.ebay.nl/acctsec/manage/passkeys/create,1,1,endpoints
https://www.ebay.pl,ebay.pl,https://accounts.ebay.pl/acctsec/manage/passkeys/create,1,1,endpoints
https://www.euskadi.eus,euskadi.eus,,2,1,webauthn|webauthn-related
https://www.gmx.net,gmx.net,,5,1,webauthn|webauthn-related
https://www.mercadopago.cl,mercadopago.cl,,4,1,webauthn|webauthn-related
https://www.mercadopago.com.ar,mercadopago.com.ar,,4,1,webauthn|webauthn-related
https://www.mercadopago.com.br,mercadopago.com.br,,4,1,webauthn|webauthn-related
https://www.mercadopago.com.co,mercadopago.com.co,,4,1,webauthn|webauthn-related
https://www.mercadopago.com.ec,mercadopago.com.ec,,4,1,webauthn|webauthn-related
https://www.mercadopago.com.mx,mercadopago.com.mx,,4,1,webauthn|webauthn-related
https://www.mercadopago.com.pe,mercadopago.com.pe,,4,1,webauthn|webauthn-related
https://www.mercadopago.com.uy,mercadopago.com.uy,,4,1,webauthn|webauthn-related
https://www.paypay-sec.co.jp,paypay-sec.co.jp,,4,1,webauthn|webauthn-related
https://www.scor.dk,scor.dk,,3,1,webauthn|webauthn-related
https://www.seznam.cz,seznam.cz,,2,1,webauthn|webauthn-related
https://www.siemens.com,siemens.com,,1,1,webauthn
https://www.strawberryhotels.com,strawberryhotels.com,https://www.strawberry.se/min-sida/installningar,10,1,endpoints|webauthn|webauthn-related
https://www.web.de,web.de,,5,1,webauthn|webauthn-related
https://www.whatnot.com,whatnot.com,https://www.whatnot.com/account/settings/passkey,1,1,endpoints
https://www.withings.com,withings.com,https://account.withings.com/account/2fa/setup_u2f,1,1,endpoints
https://www.yelp.com,yelp.com,,27,1,webauthn|webauthn-related
https://x.com,x.com,,2,1,community|community:2fa.directory|community:enpass.io|community:fidoalliance.org|community:hideez.com|community:keepersecurity.com|community:passkeyindex.io|community:passkeys-directory.dashlane.com|community:passkeys.2fa.directory|community:passkeys.2stable.com|community:passkeys.com|community:passkeys.directory|community:passkeys.io|webauthn|webauthn-related
https://xenforo.com,xenforo.com,,1,0,community|community:keepersecurity.com|community:passkeys.com|community:passkeys.directory
https://yahoo.com,yahoo.com,,1,0,community|community:2fa.directory|community:enpass.io|community:fidoalliance.org|community:hideez.com|community:keepersecurity.com|community:passkeyindex.io|community:passkeys-directory.dashlane.com|community:passkeys.2fa.directory|community:passkeys.2stable.com|community:passkeys.com|community:passkeys.directory
https://yammer.com,yammer.com,,1,0,community|community:enpass.io
https://yandex.com,yandex.com,,1,0,community|community:keepersecurity.com|community:passkeys.2stable.com|community:passkeys.com|community:passkeys.directory
https://yorku.ca,yorku.ca,,1,0,community|community:2fa.directory|community:passkeys.2fa.directory|community:passkeys.2stable.com
https://zelz.net,zelz.net,,1,0,community
https://zerotier.com,zerotier.com,,1,0,community|community:2fa.directory
https://zitadel.com,zitadel.com,,1,0,community|community:keepersecurity.com|community:passkeys.2stable.com|community:passkeys.directory
https://zlavomat.sk,zlavomat.sk,,1,0,community
https://zoho.com,zoho.com,,1,0,community|community:2fa.directory|community:enpass.io|community:fidoalliance.org|community:hideez.com|community:keepersecurity.com|community:passkeyindex.io|community:passkeys-directory.dashlane.com|community:passkeys.2fa.directory|community:passkeys.2stable.com|community:passkeys.com|community:passkeys.directory
https://zyros.com,zyros.com,,1,1,endpoints
